timestamp,humidity,pm_2_5,temperature
2021-08-15 07:00:00,82.63375053949035,29.24242424242424,28.39210185584817
2021-08-16 07:00:00,87.84535330261156,19.43290548424737,26.64427803379375
2021-08-17 07:00:00,90.98071808510647,13.29324324324324,26.2993351063828
2021-08-18 07:00:00,77.26129032258063,15.16304347826087,28.29689366786127
2021-08-19 07:00:00,78.80703125000011,7.994887927644514,27.96902343749978
2021-08-20 07:00:00,81.79079874706333,9.832737385776719,27.50324980422874
2021-08-21 07:00:00,84.59847715736062,11.27990525069088,26.85529090199165
2021-08-22 07:00:00,83.274956822108,11.97236842105263,27.40094991364425
2021-08-23 07:00:00,75.18957622990737,7.357037763609613,27.96078908913796
2021-08-24 07:00:00,75.86038102643893,7.19607072691552,28.42943234836722
2021-08-25 07:00:00,78.26721483554938,9.834989354151881,27.41301609517108
2021-08-26 07:00:00,74.61245661396052,7.374414976599064,27.90940994986495
2021-08-27 07:00:00,75.13501509271232,8.201567261645625,28.18171625700754
2021-08-28 07:00:00,77.92898550724635,5.432762836185819,27.73091787439614
2021-08-29 07:00:00,75.33372036768245,12.92805755395683,25.98432510885372
2021-08-30 07:00:00,77.03909054646942,15.59541984732824,26.72018348623872
2021-08-31 07:00:00,74.50527383367175,10.5593220338983,26.15427991886454
2021-09-01 07:00:00,69.81615702479348,2.5,25.39677685950394
2021-09-02 07:00:00,68.12794520547969,1.734042553191489,26.39068493150692
2021-09-03 07:00:00,68.24829545454553,2.556390977443609,25.56899350649392
2021-09-04 07:00:00,69.38536785860991,21.56428571428571,25.95006165228142
2021-09-05 07:00:00,70.52570545032874,9.81132075471698,26.68608426749159
2021-09-06 07:00:00,68.74623921085063,5.046357615894039,26.51722153719749
2021-09-07 07:00:00,62.2941272430668,6.791666666666667,28.5845024469821
2021-09-08 07:00:00,68.80201655355172,7.3505268686327065,28.107151281129706
2021-09-09 07:00:00,75.30990586403666,7.909387070598747,27.629800115277312
2021-09-10 07:00:00,81.81779517452159,8.468247272564787,27.152448949424915
2021-09-11 07:00:00,88.32568448500652,9.027107474530826,26.67509778357252
2021-09-12 07:00:00,81.5153359683788,18.60679071879937,28.3573122529645
2021-09-13 07:00:00,81.22428330522735,9.588671317607416,27.99822934232711
2021-09-14 07:00:00,83.20181184668985,11.87141442538354,27.15902439024373
2021-09-15 07:00:00,79.89633233532919,11.31431120074907,28.21459580838328
2021-09-16 07:00:00,84.6891222805704,12.53483962621723,27.07359339834974
2021-09-17 07:00:00,83.12524127691168,27.90142700296738,28.05144766146979
2021-09-18 07:00:00,87.51982049364281,34.33434820627806,26.89887808526542
2021-09-19 07:00:00,77.48809523809524,21.82251161458328,28.55662202380964
2021-09-20 07:00:00,84.70756369426756,12.78047346337578,27.45812101910831
2021-09-21 07:00:00,78.80748502994015,7.340195709050112,27.74079341317364
2021-09-22 07:00:00,82.87531787584152,9.87680620328848,27.25160807778603
2021-09-23 07:00:00,80.67809452363082,11.39663450112529,28.06594148537148
2021-09-24 07:00:00,82.21171171171206,21.69604065168537,28.27154654654638
2021-09-25 07:00:00,80.27545816733081,29.79841968127488,28.80645418326694
2021-09-26 07:00:00,88.42342342342378,10.64362855747557,26.42319819819812
2021-09-27 07:00:00,86.14134328358189,7.49349913104988,27.17776119402975
2021-09-28 07:00:00,84.8458889669709,4.106360624561404,27.55657062543927
2021-09-29 07:00:00,80.24088359046229,18.45804139985992,28.7270687237024
2021-09-30 07:00:00,84.74872180451139,16.83393072209738,27.90195488721781
2021-10-01 07:00:00,82.3751510574015,11.47869033609646,28.52764350453169
2021-10-02 07:00:00,78.44967897271263,10.73662189574981,28.41276083467114
2021-10-03 07:00:00,78.78059925093635,22.54036296407187,29.00337078651692
2021-10-04 07:00:00,83.78928571428594,14.31362460223048,28.37559523809499
2021-10-05 07:00:00,88.45100521221156,16.55180504089221,27.09672375279212
2021-10-06 07:00:00,84.8796918767508,14.5721522907058,27.05840336134477
2021-10-07 07:00:00,85.05498511904774,6.881659080357148,26.91034226190471
2021-10-08 07:00:00,86.19738924050642,4.736168082148499,26.75142405063309
2021-10-09 07:00:00,80.1866428571435,12.310388965,28.24507142857128
2021-10-10 07:00:00,73.69555722891553,10.28513613253011,29.14375000000013
2021-10-11 07:00:00,74.1497005988025,8.931216255796546,29.12133233532942
2021-10-12 07:00:00,69.45592747559279,16.63863514644352,30.05411436541122
2021-10-13 07:00:00,65.34925484351712,14.36458550595238,30.09083457526078
2021-10-14 07:00:00,65.75364387678448,8.421696689189186,30.0637866265968
2021-10-15 07:00:00,71.61888653981669,22.05538500705223,29.71571529245955
2021-10-16 07:00:00,73.48427362482376,20.14278837209302,30.0410437235543
2021-10-17 07:00:00,77.94106517168882,19.73289367203924,29.08556412053256
2021-10-18 07:00:00,85.97241106719375,6.528542503955694,27.40308300395263
2021-10-19 07:00:00,82.81686746987944,11.39471636596385,28.51310240963859
2021-10-20 07:00:00,87.26779661016948,2.640378212765957,27.9
2021-10-21 07:00:00,86.6978910923577,2.6045681717269216,27.896092006608207
2021-10-22 07:00:00,86.1279855745459,2.568758130687886,27.892184013216415
2021-10-23 07:00:00,85.5580800567341,2.5329480896488508,27.888276019824623
2021-10-24 07:00:00,84.98817453892231,2.497138048609815,27.88436802643283
2021-10-25 07:00:00,84.41826902111052,2.4613280075707795,27.88046003304104
2021-10-26 07:00:00,83.84836350329873,2.425517966531744,27.876552039649248
2021-10-27 07:00:00,83.27845798548694,2.3897079254927087,27.872644046257456
2021-10-28 07:00:00,82.70855246767513,2.3538978844536733,27.86873605286566
2021-10-29 07:00:00,82.13864694986334,2.318087843414638,27.86482805947387
2021-10-30 07:00:00,81.56874143205155,2.2822778023756025,27.860920066082077
2021-10-31 07:00:00,80.99883591423976,2.246467761336567,27.857012072690285
2021-11-01 07:00:00,80.42893039642797,2.2106577202975313,27.853104079298493
2021-11-02 07:00:00,79.85902487861618,2.174847679258496,27.8491960859067
2021-11-03 07:00:00,79.28911936080438,2.1390376382194605,27.84528809251491
2021-11-04 07:00:00,78.71921384299259,2.103227597180425,27.841380099123118
2021-11-05 07:00:00,78.1493083251808,2.0674175561413897,27.837472105731326
2021-11-06 07:00:00,77.57940280736901,2.031607515102354,27.833564112339534
2021-11-07 07:00:00,77.00949728955722,1.9957974740633186,27.829656118947742
2021-11-08 07:00:00,76.43959177174543,1.959987433024283,27.82574812555595
2021-11-09 07:00:00,75.86968625393362,1.9241773919852476,27.82184013216416
2021-11-10 07:00:00,75.29978073612183,1.8883673509462122,27.817932138772367
2021-11-11 07:00:00,74.72987521831004,1.8525573099071768,27.81402414538057
2021-11-12 07:00:00,74.15996970049825,1.8167472688681414,27.81011615198878
2021-11-13 07:00:00,73.59006418268646,1.7809372278291058,27.806208158596988
2021-11-14 07:00:00,73.02015866487466,1.7451271867900704,27.802300165205196
2021-11-15 07:00:00,72.45025314706287,1.7093171457510348,27.798392171813404
2021-11-16 07:00:00,71.88034762925108,1.6735071047119994,27.794484178421612
2021-11-17 07:00:00,71.31044211143929,1.637697063672964,27.79057618502982
2021-11-18 07:00:00,70.7405365936275,1.6018870226339286,27.78666819163803
2021-11-19 07:00:00,70.17063107581569,1.5660769815948932,27.782760198246237
2021-11-20 07:00:00,69.6007255580039,1.5302669405558575,27.778852204854445
2021-11-21 07:00:00,69.03082004019211,1.4944568995168221,27.774944211462653
2021-11-22 07:00:00,68.46091452238032,1.4586468584777867,27.77103621807086
2021-11-23 07:00:00,67.89100900456853,1.4228368174387511,27.76712822467907
2021-11-24 07:00:00,67.32110348675673,1.3870267763997157,27.763220231287278
2021-11-25 07:00:00,66.75119796894494,1.3512167353606803,27.759312237895482
2021-11-26 07:00:00,66.18129245113315,1.315406694321645,27.75540424450369
2021-11-27 07:00:00,65.61138693332136,1.2795966532826093,27.7514962511119
2021-11-28 07:00:00,65.04148141550957,1.243786612243574,27.747588257720107
2021-11-29 07:00:00,64.47157589769776,1.2079765712045385,27.743680264328315
2021-11-30 07:00:00,63.90167037988597,1.1721665301655029,27.739772270936523
2021-12-01 07:00:00,63.33176486207418,1.1363564891264675,27.73586427754473
2021-12-02 07:00:00,62.76185934426239,1.100546448087432,27.73195628415294
2021-12-03 07:00:00,62.3231899165508,3.198887343532684,27.62733657858134
2021-12-04 07:00:00,62.60416975425334,7.996219281663516,27.30232514177694
2021-12-05 07:00:00,62.51938181275498,9.917902032965209,27.217025337445694
2021-12-06 07:00:00,62.43459387125662,11.839584784266904,27.13172553311445
2021-12-07 07:00:00,62.34980592975825,13.7612675355686,27.046425728783205
2021-12-08 07:00:00,62.265017988259885,15.682950286870293,26.96112592445196
2021-12-09 07:00:00,62.18023004676152,17.60463303817199,26.875826120120717
2021-12-10 07:00:00,62.09544210526316,19.52631578947368,26.79052631578947
2021-12-11 07:00:00,61.1133350877193,22.7719298245614,26.851549707602338
2021-12-12 07:00:00,60.13122807017544,26.01754385964912,26.912573099415205
2021-12-13 07:00:00,59.149121052631585,29.263157894736842,26.973596491228072
2021-12-14 07:00:00,58.167014035087725,32.50877192982456,27.034619883040936
2021-12-15 07:00:00,57.184907017543864,35.75438596491228,27.095643274853803
2021-12-16 07:00:00,56.2028,39.0,27.15666666666667
2021-12-17 07:00:00,56.4453393474705,38.43494402057938,27.224409296257353
2021-12-18 07:00:00,56.687878694941006,37.86988804115876,27.292151925848035
2021-12-19 07:00:00,56.9304180424115,37.30483206173814,27.35989455543872
2021-12-20 07:00:00,57.172957389882,36.73977608231752,27.427637185029404
2021-12-21 07:00:00,57.415496737352505,36.1747201028969,27.495379814620087
2021-12-22 07:00:00,57.658036084823,35.60966412347628,27.56312244421077
2021-12-23 07:00:00,57.9005754322935,35.04460814405566,27.630865073801452
2021-12-24 07:00:00,58.143114779764005,34.47955216463504,27.698607703392135
2021-12-25 07:00:00,58.3856541272345,33.91449618521442,27.76635033298282
2021-12-26 07:00:00,58.628193474705,33.3494402057938,27.834092962573504
2021-12-27 07:00:00,58.870732822175505,32.78438422637318,27.901835592164186
2021-12-28 07:00:00,59.113272169646,32.21932824695256,27.96957822175487
2021-12-29 07:00:00,59.3558115171165,31.654272267531937,28.03732085134555
2021-12-30 07:00:00,59.598350864587005,31.089216288111317,28.105063480936238
2021-12-31 07:00:00,59.8408902120575,30.524160308690696,28.17280611052692
2022-01-01 07:00:00,60.083429559528,29.959104329270076,28.240548740117603
2022-01-02 07:00:00,60.325968906998504,29.394048349849456,28.308291369708286
2022-01-03 07:00:00,60.568508254469,28.828992370428836,28.37603399929897
2022-01-04 07:00:00,60.8110476019395,28.263936391008215,28.44377662888965
2022-01-05 07:00:00,61.053586949410004,27.698880411587595,28.511519258480337
2022-01-06 07:00:00,61.2961262968805,27.133824432166975,28.57926188807102
2022-01-07 07:00:00,61.538665644351,26.568768452746355,28.647004517661703
2022-01-08 07:00:00,61.781204991821504,26.003712473325734,28.714747147252385
2022-01-09 07:00:00,62.023744339292,25.43865649390511,28.782489776843068
2022-01-10 07:00:00,62.2662836867625,24.87360051448449,28.850232406433754
2022-01-11 07:00:00,62.508823034233004,24.30854453506387,28.917975036024437
2022-01-12 07:00:00,62.7513623817035,23.74348855564325,28.98571766561512
2022-01-13 07:00:00,60.98251911049341,21.59495444989489,28.35790826963167
2022-01-14 07:00:00,61.13995711297069,27.3186889818689,28.03771966527192
2022-01-15 07:00:00,59.13851990257484,28.82160278745645,28.36223382045928
2022-01-16 07:00:00,58.62333903966601,24.64295676429568,27.83168406402234
2022-01-17 07:00:00,61.10480097493031,21.79805013927577,28.25186629526463
2022-01-18 07:00:00,63.63274397212549,29.50348675034867,28.93241811846694
2022-01-19 07:00:00,65.36148713662777,36.33988355167394,28.71846656976742
2022-01-20 07:00:00,63.04928959107811,31.84895833333333,29.04493680297393
2022-01-21 07:00:00,63.24714263782283,26.64195804195804,29.102693649686
2022-01-22 07:00:00,68.88721456445992,27.64011180992313,28.4319163763066
2022-01-23 07:00:00,67.63461377870564,28.90048712595685,28.76380654140573
2022-01-24 07:00:00,66.16839324041815,28.39121338912134,29.1275191637631
2022-01-25 07:00:00,64.45829206128136,28.32588974180042,29.38405988857935
2022-01-26 07:00:00,62.50209818941499,28.42887029288703,29.60939415041781
2022-01-27 07:00:00,62.45546727019503,34.57262569832402,29.77444986072422
2022-01-28 07:00:00,65.2036982590529,41.07724719101124,29.32900417827303
2022-01-29 07:00:00,66.25020083565457,40.74471086036672,29.5113091922006
2022-01-30 07:00:00,60.53643219512197,35.36306620209059,30.75943554006967
2022-01-31 07:00:00,62.79424380103931,33.58525688756515,30.26178916109878
2022-02-01 07:00:00,63.95620786360475,35.26047486033519,29.62209464161444
2022-02-02 07:00:00,61.78070202090592,28.23438596491228,29.5159860627177
2022-02-03 07:00:00,63.08797087108012,15.33031358885017,29.73056445993031
2022-02-04 07:00:00,66.11124658774358,22.55969101123596,29.06889275766022
2022-02-05 07:00:00,61.19571856245625,20.66201117318436,30.02194696441029
2022-02-06 07:00:00,60.95010815899588,13.93491952414276,29.56874476987449
2022-02-07 07:00:00,64.55620717270199,20.87534818941504,29.57766016713094
2022-02-08 07:00:00,65.69060725244074,20.97557571528262,29.69919107391911
2022-02-09 07:00:00,63.24668787456446,33.1864050455501,30.16886411149828
2022-02-10 07:00:00,73.14949700557118,28.89028651292802,28.4948816155989
2022-02-11 07:00:00,64.49306513249655,29.85953878406709,29.56642956764297
2022-02-12 07:00:00,73.20606114206134,28.41562064156206,27.87542479108635
2022-02-13 07:00:00,67.42303103207823,18.40655509065551,29.28500000000004
2022-02-14 07:00:00,68.07936408647136,22.47662247034194,28.75623430962347
2022-02-15 07:00:00,67.42245515239482,16.97234352256186,29.37992743105952
2022-02-16 07:00:00,78.49015034818935,15.18627450980392,27.52704735376048
2022-02-17 07:00:00,76.46395653685681,20.86856745479833,28.12586230876222
2022-02-18 07:00:00,82.5767390334573,28.40990990990991,26.03699628252793
2022-02-19 07:00:00,79.25254326990844,15.14114326040932,27.01551092318533
2022-02-20 07:00:00,71.01656627565981,18.23093841642229,29.64885630498532
2022-02-21 07:00:00,69.49640000000001,15.06470588235294,29.32029411764706
2022-02-22 07:00:00,69.88431701649165,26.63308270676692,29.23107196401803
2022-02-23 07:00:00,66.46498454039002,18.99930362116991,30.01684540389969
2022-02-24 07:00:00,72.38281037604442,17.99581881533101,28.35293175487466
2022-02-25 07:00:00,72.40690020905933,36.45923344947735,28.16474564459929
2022-02-26 07:00:00,80.39394703832755,45.10260014054814,26.74818815331009
2022-02-27 07:00:00,84.35233065476194,32.74255952380953,26.18560267857141
2022-02-28 07:00:00,81.16311419624216,20.0,26.74751565762004
2022-03-01 07:00:00,64.13968502785521,13.46550522648084,29.58305013927576
2022-03-02 07:00:00,61.62831536748339,14.00668647845468,30.09747587230885
2022-03-03 07:00:00,63.33624853760448,17.35097493036212,30.38885793871858
2022-03-04 07:00:00,64.6401393728223,18.66875871687587,30.28402787456451
2022-03-05 07:00:00,69.05866390243908,26.82648083623693,29.81370034843205
2022-03-06 07:00:00,67.15626601671308,33.5198606271777,30.0027994428969
2022-03-07 07:00:00,75.20335501392739,31.10111576011158,28.81438022284121
2022-03-08 07:00:00,66.14899992559526,32.59820761762509,30.7684151785714
2022-03-09 07:00:00,80.99432618384414,17.25696378830084,27.01529944289693
2022-03-10 07:00:00,63.84629386331932,20.05509065550907,29.68419107391909
2022-03-11 07:00:00,66.84668480836233,29.65226480836237,29.98754703832745
2022-03-12 07:00:00,68.4371409059233,39.11382681564246,30.21704529616718
2022-03-13 07:00:00,68.7519041114982,41.78033472803347,30.35551916376307
2022-03-14 07:00:00,66.39742545327759,44.79050279329609,31.00225244072521
2022-03-15 07:00:00,66.21606334494766,16.38048780487805,30.28797212543559
2022-03-16 07:00:00,64.76055208913648,17.97421602787457,30.18355153203338
2022-03-17 07:00:00,65.23567785515313,20.94359331476323,30.56665738161563
2022-03-18 07:00:00,63.3533126740947,25.601393728223,31.0724094707521
2022-03-19 07:00:00,68.59387372822302,33.19456066945607,30.81911498257839
2022-03-20 07:00:00,81.85575779175393,26.13370865587614,27.90111111111112
2022-03-21 07:00:00,83.76491044034098,13.47372159090909,27.59188210227272
2022-03-22 07:00:00,74.70278148921369,19.45174825174825,29.77864996520527
2022-03-23 07:00:00,80.16216443335695,27.04564907275321,28.5150605844619
2022-03-24 07:00:00,74.19526822299653,19.38434661076171,29.68887108013943
2022-03-25 07:00:00,74.35906236933785,14.65156794425087,30.0789407665505
2022-03-26 07:00:00,76.5355475157453,14.88305322128851,28.75953813855843
2022-03-27 07:00:00,71.98404195700512,23.04531946508173,30.12787991104515
2022-03-28 07:00:00,67.12269351916392,23.12709497206704,30.48379094076653
2022-03-29 07:00:00,68.52548555478029,26.90858339148639,30.52330774598748
2022-03-30 07:00:00,73.42124309623419,31.38112391930836,28.99059972105995
2022-03-31 07:00:00,67.48524286775628,25.50833333333333,30.09118127786036
2022-04-01 07:00:00,72.76701635408853,25.6054836252856,29.21342085521376
2022-04-02 07:00:00,67.30465345429162,31.58170391061453,30.36657362177244
2022-04-03 07:00:00,79.89919092812279,17.12666200139958,27.65344033496157
2022-04-04 07:00:00,77.5879836239577,5.083459787556905,27.88858984078848
2022-04-05 07:00:00,90.22109225302056,9.352313167259787,26.15649609097365
2022-04-06 07:00:00,96.1849707472178,16.49880668257757,25.44892686804453
2022-04-07 07:00:00,83.62343889716841,22.25584905660377,28.25449329359159
2022-04-08 07:00:00,76.58400847583643,23.41132637853949,29.70850557620821
2022-04-09 07:00:00,82.74311672473866,30.23303009097271,28.19431358885016
2022-04-10 07:00:00,73.32671589259792,36.52014652014652,29.81429608127721
2022-04-11 07:00:00,69.66381136680619,43.82185947480482,30.08611576011163
2022-04-12 07:00:00,68.86761310104538,52.89616724738676,30.37659233449475
2022-04-13 07:00:00,67.32161170731706,50.17692307692307,30.74855749128918
2022-04-14 07:00:00,70.43347686148918,43.693354683747,29.83522818254606
2022-04-15 07:00:00,63.51218794425099,36.47765363128492,31.1086480836237
2022-04-16 07:00:00,61.24404595536956,45.52532123960695,31.69627615062756
2022-04-17 07:00:00,68.33206928969366,39.84511063526053,30.26991643454039
2022-04-18 07:00:00,75.75827245467234,42.37955182072829,29.41466527196648
2022-04-19 07:00:00,76.33888022598882,43.91019244476123,30.07545903954801
2022-04-20 07:00:00,81.39460644257704,28.12482468443198,28.87157563025206
2022-04-21 07:00:00,86.32238879371882,25.25685425685426,28.23533904354035
2022-04-22 07:00:00,88.79536422594136,26.43305439330544,28.02778940027894
2022-04-23 07:00:00,82.85770668989542,24.83649122807018,28.96823693379785
2022-04-24 07:00:00,72.35946022304832,24.99925650557621,30.83956133829
2022-04-25 07:00:00,72.56845424791075,21.34357541899441,30.78004178272979
2022-04-26 07:00:00,71.54228890439639,24.41328671328671,31.0012770411724
2022-04-27 07:00:00,73.99508321727014,21.92817294281729,30.2983774373259
2022-04-28 07:00:00,69.45877820334253,24.71657381615599,31.31874651810585
2022-04-29 07:00:00,69.490567611623,26.36853295535082,31.26810063784556
2022-04-30 07:00:00,74.71568875912419,25.3859649122807,30.57969343065701
2022-05-01 07:00:00,79.97002762700082,28.04175365344468,28.63212247738347
2022-05-02 07:00:00,81.57700439330551,31.10676901605024,29.14880055788014
2022-05-03 07:00:00,85.03696009749306,24.62360335195531,28.65177576601671
2022-05-04 07:00:00,96.04598882309404,12.18592592592593,27.38418948926721
2022-05-05 07:00:00,98.7629526276276,14.76506024096386,26.46397147147145
2022-05-06 07:00:00,93.44374009728982,14.53690807799443,27.71087560806118
2022-05-07 07:00:00,96.2762898292502,21.34973900074571,27.31709725315519
2022-05-08 07:00:00,90.88921580779945,17.53986013986014,28.78656685236768
2022-05-09 07:00:00,93.50336314325453,11.2663421418637,28.24586230876213
2022-05-10 07:00:00,95.70393845582771,19.15070527097253,27.73878247958427
2022-05-11 07:00:00,91.00226562282539,22.58666666666667,28.51411969380653
2022-05-12 07:00:00,93.62380325548475,23.51521585279547,27.3025831564048
2022-05-13 07:00:00,87.64656872180448,22.40606060606061,28.14447368421057
2022-05-14 07:00:00,87.46957022315203,25.60781577110956,28.38687587168755
2022-05-15 07:00:00,81.89850577994422,15.80905923344948,30.32683844011139
2022-05-16 07:00:00,88.68246222023274,17.66159355416294,28.95058191584602
2022-05-17 07:00:00,81.20710125925923,9.891810668670173,29.54500000000004
2022-05-18 07:00:00,80.26552352941172,8.713751868460388,29.65628443782576
2022-05-19 07:00:00,86.38322894919978,19.18745644599303,28.87864300626306
2022-05-20 07:00:00,76.1026762865091,8.759220598469033,29.55784422809458
2022-05-21 07:00:00,86.99528551510461,13.70209464701319,28.02195972114637
2022-05-22 07:00:00,84.14507742150978,13.750167000668,28.52071476285904
2022-05-23 07:00:00,73.76801227305734,8.57090909090909,28.89872185911398
2022-05-24 07:00:00,74.84510286857899,18.55036691127418,30.13622414943294
2022-05-25 07:00:00,68.31626766342141,14.34449093444909,31.05892211404726
2022-05-26 07:00:00,70.3892357566766,12.68722139673105,30.34807121661722
2022-05-27 07:00:00,69.5501857857142,11.15815959741193,30.89155000000003
2022-05-28 07:00:00,69.32576910569122,10.63550135501355,30.21401761517611
2022-05-29 07:00:00,81.5079108484006,10.46796657381616,27.85754520166904
2022-05-30 07:00:00,88.74070396108417,13.09798471160528,26.71893676164003
2022-05-31 07:00:00,81.16461954697989,12.31875525651808,28.15741610738257
2022-06-01 07:00:00,75.80336023513145,17.00829875518672,29.62020746887972
2022-06-02 07:00:00,78.58664255910993,10.34982578397213,29.5897566063978
2022-06-03 07:00:00,74.6739250176678,11.86350777934936,29.78893286219078
2022-06-04 07:00:00,81.63137478134107,8.159620991253645,28.64271865889218
2022-06-05 07:00:00,75.55633904974022,13.63277693474962,29.90815887156644
2022-06-06 07:00:00,84.09503521224771,19.51502445842068,28.36713987473902
2022-06-07 07:00:00,88.64380259259256,21.30096367679763,28.03826666666667
2022-06-08 07:00:00,83.82089547983298,23.0385423966363,28.50916550764949
2022-06-09 07:00:00,82.43988636026685,21.60536113179449,28.98377316530763
2022-06-10 07:00:00,82.74465203145479,10.73337722185648,29.12811271297519
2022-06-11 07:00:00,84.07842416434532,14.75540069686411,28.83347493036213
2022-06-12 07:00:00,87.81675876811609,16.56686046511628,28.11560869565212
2022-06-13 07:00:00,76.0372243131868,12.73557692307692,29.83734890109894
2022-06-14 07:00:00,74.14882895833333,12.7381974248927,30.1637430555555
2022-06-15 07:00:00,86.28786650451708,21.2428670842032,28.06744961779009
2022-06-16 07:00:00,86.49401674074073,17.74087862993299,27.8928814814815
2022-06-17 07:00:00,76.30037078334504,20.62685512367491,30.30501058574453
2022-06-18 07:00:00,78.78311241431828,25.0839054157132,29.40099771515614
2022-06-19 07:00:00,83.87733958333342,22.05489923558027,28.79207638888886
2022-06-20 07:00:00,77.05111057023635,18.11567944250871,29.3418011126565
2022-06-21 07:00:00,82.86675338865838,17.63460207612457,28.74957814661132
2022-06-22 07:00:00,87.0681504077095,14.00670141474311,28.37624907338768
2022-06-23 07:00:00,89.67608907681463,18.35979971387697,28.11891472868209
2022-06-24 07:00:00,80.09223510560815,10.41399416909621,28.88040786598694
2022-06-25 07:00:00,80.64616773296251,13.20723226703755,28.76852573018082
2022-06-26 07:00:00,87.17470076548362,17.37003484320557,27.9033402922756
2022-06-27 07:00:00,90.70783915159954,19.61060070671378,27.80494436717666
2022-06-28 07:00:00,79.90623623087625,18.03004891684137,29.90563977746872
2022-06-29 07:00:00,77.65390728429975,14.94617563739377,29.66559405940594
2022-06-30 07:00:00,74.85245456621011,9.051750380517504,29.96228310502287
2022-07-01 07:00:00,87.46998356643374,12.3925822253324,27.72411188811188
2022-07-02 07:00:00,87.39220125260955,9.016039051603904,27.76983994432845
2022-07-03 07:00:00,86.96375156136529,11.08569353667393,28.42251997095133
2022-07-04 07:00:00,90.35778879610301,16.24233983286908,27.95842727905364
2022-07-05 07:00:00,93.44247457142858,10.5096497498213,26.58184999999998
2022-07-06 07:00:00,85.52335630081305,9.781398506449422,28.21957994579944
2022-07-07 07:00:00,82.95330778859544,11.30528511821975,28.75965924895695
2022-07-08 07:00:00,76.76431926286509,13.77158774373259,29.58663421418636
2022-07-09 07:00:00,83.37028894297642,12.78033472803347,28.04870653685678
2022-07-10 07:00:00,90.31716323202365,12.19125277983692,26.98595255744998
2022-07-11 07:00:00,89.59009199721622,9.340292275574113,27.85975643702154
2022-07-12 07:00:00,97.19804167283493,9.276911655530808,25.85791265729094
2022-07-13 07:00:00,92.81079673832475,5.887732342007435,26.22687916975534
2022-07-14 07:00:00,88.12445326894488,10.95011169024572,27.72384843982173
2022-07-15 07:00:00,77.07188770833325,7.522916666666666,29.29334722222223
2022-07-16 07:00:00,86.76817051083593,12.7714949651433,28.34874613003095
2022-07-17 07:00:00,85.2483784027778,12.30833333333333,28.25530555555557
2022-07-18 07:00:00,91.70438807407405,16.79925925925926,27.93707407407409
2022-07-19 07:00:00,77.94627202072539,13.53521126760563,30.64944485566253
2022-07-20 07:00:00,84.11655220742817,16.39719298245614,29.2216117729502
2022-07-21 07:00:00,84.73885065840429,7.833462432223083,28.30583268783889
2022-07-22 07:00:00,88.15131045751636,10.34364713627386,27.86845751633992
2022-07-23 07:00:00,81.2966690599556,8.962222222222222,29.51855662472241
2022-07-24 07:00:00,87.54673296296299,7.029126213592233,28.60934074074077
2022-07-25 07:00:00,90.99277227241137,17.20917303683113,28.242724113968
2022-07-26 07:00:00,84.3116531663187,21.58983286908078,29.53377870563676
2022-07-27 07:00:00,86.50101140472883,19.59874826147427,29.23854659248959
2022-07-28 07:00:00,92.99867143849892,17.43969144460028,27.75212647671998
2022-07-29 07:00:00,90.938495107487,16.82653817642698,27.82467753891773
2022-07-30 07:00:00,86.09122830319889,24.83936022253129,29.25468011126562
2022-07-31 07:00:00,77.61742259259253,8.551111111111112,29.66951111111109
2022-08-01 07:00:00,76.8611082753825,7.699582753824757,29.86235048678718
2022-08-02 07:00:00,84.9099498611112,5.806944444444444,27.87436805555553
2022-08-03 07:00:00,93.07979084302335,4.586482558139535,26.81746366279068
2022-08-04 07:00:00,85.3003318276581,4.558803061934586,28.13896455872133
2022-08-05 07:00:00,87.93765210954841,13.2237037037037,28.10622501850485
2022-08-06 07:00:00,72.97800723226716,10.34353268428373,30.07833796940191
2022-08-07 07:00:00,69.82427281481478,7.337461300309598,29.98107407407408
2022-08-08 07:00:00,72.84898624725675,17.8490990990991,29.82926115581568
2022-08-09 07:00:00,77.73673452617615,30.12898550724638,29.27063618290259
2022-08-10 07:00:00,70.08733476454282,10.44252077562327,29.95752077562326
2022-08-11 07:00:00,72.03877171197652,10.06024981631154,30.02040411462161
2022-08-12 07:00:00,71.52676469594599,11.68496621621622,29.48957770270269
2022-08-13 07:00:00,67.02602831474599,10.8318858560794,29.91227385377943
2022-08-14 07:00:00,71.51706280674851,13.55406441717791,30.38939800613502
2022-08-15 07:00:00,69.67256100171225,12.32405821917808,30.06667380136984
2022-08-16 07:00:00,72.82776046779138,14.57400306748466,29.45858895705515
2022-08-17 07:00:00,80.02032216453647,16.2108,28.73966453674127
2022-08-18 07:00:00,78.71600436456987,10.98328332618946,28.93390671801454
2022-08-19 07:00:00,70.64243907198613,9.148373101952277,30.70876409366865
2022-08-20 07:00:00,75.48425618327394,11.27102803738318,29.83138345195722
2022-08-21 07:00:00,80.24657808654217,10.62728719172633,29.06323541087728
2022-08-22 07:00:00,82.05662767467261,10.22379912663756,28.76981441048035
2022-08-23 07:00:00,71.96389021595414,7.134479717813051,29.22752313794627
2022-08-24 07:00:00,88.32067251751131,14.64441697569015,28.01207663782448
2022-08-25 07:00:00,73.61636729996368,10.93047932674716,30.63090244793573
2022-08-26 07:00:00,82.37608828756055,12.39983844911147,29.22948707592893
2022-08-27 07:00:00,82.53719183762544,5.25589519650655,28.42689655172414
2022-08-28 07:00:00,72.36578062766392,7.349476946919799,29.6794885703216
2022-08-29 07:00:00,77.34879004893968,7.145320197044335,29.54254078303422
2022-08-30 07:00:00,92.02679028322443,19.46861377506539,27.30433551198256
2022-08-31 07:00:00,92.69965760529057,22.59491466388018,27.87973198746959
2022-09-01 07:00:00,90.22766819656931,20.46307477937761,28.20398238293928
2022-09-02 07:00:00,85.91866301838397,15.45162671232877,28.15510474561782
2022-09-03 07:00:00,82.28515028790794,8.428023032629559,29.53077543186185
2022-09-04 07:00:00,91.80358786948172,7.1321044546851,27.89711708253354
2022-09-05 07:00:00,74.58993357199694,5.507361719060883,29.75399761336515
2022-09-06 07:00:00,88.12132664744671,8.625051503914298,28.2212850082372
2022-09-07 07:00:00,87.30534829766542,10.80924574209246,27.35524319066149
2022-09-08 07:00:00,93.73002557484746,9.410328638497653,26.62545753167529
2022-09-09 07:00:00,79.227717029791,13.92040907069809,29.02283236994214
2022-09-10 07:00:00,88.86942651245553,22.58575906851769,27.87825177935949
2022-09-11 07:00:00,74.05448597800483,20.3007670569237,29.99465043205025
2022-09-12 07:00:00,84.59801029298396,19.931475029036,28.10538936006154
2022-09-13 07:00:00,90.2128876390077,20.28938356164383,27.46519674935841
2022-09-14 07:00:00,87.6744781481482,13.81797128300139,27.96609259259261
2022-09-15 07:00:00,80.97430397854271,13.76933392936969,27.76599016540009
2022-09-16 07:00:00,68.14948993576014,16.46606529209622,29.1610578158458
2022-09-17 07:00:00,67.11802228015301,13.2461752433936,29.72418839068475
2022-09-18 07:00:00,66.99464553227871,14.63157894736842,29.88828131680201
2022-09-19 07:00:00,67.43274863178104,13.435429668747,29.80899183869416
2022-09-20 07:00:00,74.52413691064203,16.22751798561151,29.53523125280643
2022-09-21 07:00:00,67.22765364635339,13.96889111891621,30.24900099900097
2022-09-22 07:00:00,82.85704177777788,17.86165480427046,28.3114933333333
2022-09-23 07:00:00,74.59814796680485,11.98091286307054,28.82407883817434
2022-09-24 07:00:00,76.87838131952424,17.44145873320537,28.91242424242427
2022-09-25 07:00:00,82.36923873957352,13.57506950880445,28.82577849860978
2022-09-26 07:00:00,80.54518438836624,15.70701454234388,29.41188195038499
2022-09-27 07:00:00,76.75523583748549,20.64047527788425,30.25366040628598
2022-09-28 07:00:00,82.59973877353927,12.4781976744186,28.3182134234669
2022-09-29 07:00:00,87.85799334215164,8.835537918871252,27.6697045855379
2022-09-30 07:00:00,86.85566925025329,8.514967021816338,27.25757852076998
2022-10-01 07:00:00,94.35954807872533,13.96390060947023,26.79617150890346
2022-10-02 07:00:00,85.9932027990796,13.50383435582822,27.59540644171782
2022-10-03 07:00:00,85.30000376712344,12.55390476190476,28.13516362252664
2022-10-04 07:00:00,99.96365687053219,28.61219609406138,26.45584193804607
2022-10-05 07:00:00,86.810017,13.68153397248854,28.45323333333328
2022-10-06 07:00:00,90.406002610184,15.176243567753,27.87695763799744
2022-10-07 07:00:00,93.66221171874999,14.69346195069668,27.44295099431821
2022-10-08 07:00:00,98.93979025742576,19.31695721077655,26.05597227722772
2022-10-09 07:00:00,92.35576127300607,27.88402457757297,27.71619631901842
2022-10-10 07:00:00,92.21126013913045,13.98049460118426,27.69238260869563
2022-10-11 07:00:00,89.60817654450258,12.93049249039469,27.45256893542757
2022-10-12 07:00:00,83.71827764270611,18.84753838009529,28.70019556025369
2022-10-13 07:00:00,81.66922827724761,18.15635997988939,28.73667503766947
2022-10-14 07:00:00,79.89399053333337,21.17348754448399,29.00740888888892
2022-10-15 07:00:00,87.04887216011542,23.23881673881674,28.03700324558237
2022-10-16 07:00:00,88.1371679925995,17.375,28.13579093432007
2022-10-17 07:00:00,93.6525816721581,26.04573547589617,27.09221169686983
2022-10-18 07:00:00,97.44941517094034,11.20847602739726,26.8871581196581
2022-10-19 07:00:00,93.07513487376984,8.639554794520548,27.37445442875479
2022-10-20 07:00:00,94.53886220607096,9.350299401197605,27.04836682342881
2022-10-21 07:00:00,98.48301351582549,12.06849315068493,26.62294268605651
2022-10-22 07:00:00,81.57748343558276,11.40237821250479,29.36728144171776
2022-10-23 07:00:00,92.6032590403338,8.829972183588318,27.01993045897082
2022-10-24 07:00:00,89.90696602687132,9.930491551459294,27.17523992322464
2022-10-25 07:00:00,90.4741902570004,12.22746451860376,28.11019946298429
2022-10-26 07:00:00,82.18837075373403,16.41500872600349,29.34501910385549
2022-10-27 07:00:00,80.95789146282958,45.21325648414986,30.16836450839324
2022-10-28 07:00:00,90.12185606177606,39.60216718266254,28.54188416988417
2022-10-29 07:00:00,91.98877900834107,16.97868396663577,27.75352641334574
2022-10-30 07:00:00,86.06815582544262,12.79859967051071,28.6232317826266
2022-10-31 07:00:00,84.99670193065403,41.25463145447379,29.14638297872345
2022-11-01 07:00:00,86.78609127551026,53.02143950995406,28.67871428571428
2022-11-02 07:00:00,78.59383424184249,46.45873320537428,29.06883301343563
2022-11-03 07:00:00,74.99836733086201,34.91546006539001,28.40643651529199
2022-11-04 07:00:00,72.49022830261137,34.28648233486943,29.02024193548395
2022-11-05 07:00:00,78.97697688243063,25.62345679012346,27.99668868339944
2022-11-06 07:00:00,96.34383793264725,8.809167446211413,26.65099625818522
2022-11-07 07:00:00,92.99546087713176,5.978738236319275,27.27692307692312
2022-11-08 07:00:00,97.40252757959358,12.60859554873369,26.24214806290755
2022-11-09 07:00:00,84.63449034386946,21.70177886292291,28.84095519277527
2022-11-10 07:00:00,79.63230414529916,39.95940170940171,29.24335897435899
2022-11-11 07:00:00,82.91854406852251,37.62607204116638,29.47252248394001
2022-11-12 07:00:00,96.69667675213677,36.10004275331338,27.17611111111107
2022-11-13 07:00:00,81.9601672807369,26.45348837209302,29.81883059671605
2022-11-14 07:00:00,85.8240160123512,20.47463608292898,29.15562858403174
2022-11-15 07:00:00,98.84366244287492,7.783062161034627,27.17621936019937
2022-11-16 07:00:00,100.0,17.24408901251739,26.25955856795273
2022-11-17 07:00:00,90.51445851285621,15.82451253481894,27.95230020847807
2022-11-18 07:00:00,94.03225267732962,18.1356993736952,27.22102573018081
2022-11-19 07:00:00,93.59810153911933,16.19021039072563,27.35368533561354
2022-11-20 07:00:00,86.8354287960123,17.87874136607828,28.6133512269938
2022-11-21 07:00:00,95.64179202931749,27.85242896425298,27.34432432432435
2022-11-22 07:00:00,93.58160641527921,16.52084355076018,27.51565621939278
2022-11-23 07:00:00,91.47674645458035,19.50519031141868,27.58167880413949
2022-11-24 07:00:00,89.85617372700047,22.77235772357724,27.86474967907575
2022-11-25 07:00:00,90.59230479246895,11.33047578225461,27.60234488660678
2022-11-26 07:00:00,93.06195201583877,14.39020878329734,28.000777537797
2022-11-27 07:00:00,90.22415230966635,20.02865697177074,29.36672797262615
2022-11-28 07:00:00,89.72839879227053,11.41111111111111,29.06414492753623
2022-11-29 07:00:00,89.00690589107072,21.7536124490552,29.43755835494627
2022-11-30 07:00:00,89.00740136882128,15.8042650418888,29.4349733840304
2022-12-01 07:00:00,94.76822239221144,15.60410863509749,28.97429068150202
2022-12-02 07:00:00,94.38643713991775,26.62654320987654,28.78114883401919
2022-12-03 07:00:00,91.40650463378174,15.89032901296112,28.45600398604885
2022-12-04 07:00:00,100.0,12.59005964214712,26.39321414382202
2022-12-05 07:00:00,100.0,6.1183879093199,25.43539778449144
2022-12-06 07:00:00,100.0,6.918850987432675,26.32085037674916
2022-12-07 07:00:00,100.0,12.27355401964351,27.25194918330309
2022-12-08 07:00:00,95.96039534560616,12.29211531781869,29.51653351858279
2022-12-09 07:00:00,100.0,12.89745378444367,26.58388869565225
2022-12-10 07:00:00,100.0,26.59101983988862,26.57288247566063
2022-12-11 07:00:00,100.0,38.12715855572998,26.6167688769643
2022-12-12 07:00:00,99.9469633768747,33.57571359458152,27.84703918722791
2022-12-13 07:00:00,99.12762602564102,18.97863247863248,27.4857136752137
2022-12-14 07:00:00,100.0,28.13791683820502,26.31416220666944
2022-12-15 07:00:00,99.51688416773641,27.63344739093242,28.54300385109112
2022-12-16 07:00:00,100.0,32.35778859527121,27.67696664350236
2022-12-17 07:00:00,100.0,30.6670945656825,27.39075278015399
2022-12-18 07:00:00,100.0,30.22418426103647,27.47627255278312
2022-12-19 07:00:00,100.0,16.4747568318666,25.68719777674844
2022-12-20 07:00:00,100.0,20.28983120625772,26.55551851851852
2022-12-21 07:00:00,100.0,35.32934362934363,26.19636781609193
2022-12-22 07:00:00,100.0,44.05077173030057,27.22007717303007
2022-12-23 07:00:00,92.47486961874507,48.11442193087009,28.70718030182681
2022-12-24 07:00:00,91.95592633824671,25.59231962761831,28.85640806826997
2022-12-25 07:00:00,89.76133265602321,34.93349514563107,27.82134010643442
2022-12-26 07:00:00,84.8633668965518,22.38927203065134,28.04135632183908
2022-12-27 07:00:00,90.2559529019608,27.22222222222222,27.67726274509807
2022-12-28 07:00:00,80.32829954051802,31.50522356874216,28.16059732664998
2022-12-29 07:00:00,95.89258188405793,43.49154180763654,26.47278743961355
2022-12-30 07:00:00,97.1310954844366,44.38488576449912,27.31360368259534
2022-12-31 07:00:00,98.1953536,44.12570888468809,27.46362352941183
2023-01-01 07:00:00,97.89720402053034,29.7579535683577,28.31812232677505
2023-01-02 07:00:00,96.72726650057491,28.52127251820621,27.5945036412419
2023-01-03 07:00:00,96.65772198067637,32.1402999516207,28.23471014492754
2023-01-04 07:00:00,99.58634365768896,30.41833188531712,28.31094700260642
2023-01-05 07:00:00,100.0,33.66070565490575,27.57227162880617
2023-01-06 07:00:00,99.55476411522633,23.64630623194387,27.97353497942387
2023-01-07 07:00:00,100.0,19.7519247219846,26.82197604790428
2023-01-08 07:00:00,100.0,17.7881286067601,24.81135970333744
2023-01-09 07:00:00,100.0,33.59527121001391,26.79729231838714
2023-01-10 07:00:00,100.0,48.84072089624939,27.74635265700484
2023-01-11 07:00:00,100.0,50.90029952931108,28.38305389221562
2023-01-12 07:00:00,99.99491389482684,45.12312954253954,28.59376229157762
2023-01-13 07:00:00,98.66170540851553,30.73829623944743,28.90944764096662
2023-01-14 07:00:00,99.9042415377176,30.18520309477756,28.80026595744686
2023-01-15 07:00:00,97.8704017361111,32.22741312741313,29.91975694444437
2023-01-16 07:00:00,98.1264086219602,25.7936624907885,29.39806558585105
2023-01-17 07:00:00,98.55783808962265,33.48466981132076,27.13840408805027
2023-01-18 07:00:00,91.12183958573073,30.96085955487337,28.88520138089753
2023-01-19 07:00:00,99.82907192066806,35.17508771929825,28.8475086986778
2023-01-20 07:00:00,100.0,26.00613732259302,28.54636119631899
2023-01-21 07:00:00,100.0,35.21135404679708,27.87868865030669
2023-01-22 07:00:00,100.0,36.88339087073264,28.11331415420017
2023-01-23 07:00:00,99.99907182299548,49.46444780635401,28.14613086232975
2023-01-24 07:00:00,100.0,48.70893575580127,28.5226485243389
2023-01-25 07:00:00,99.90670330090342,47.95342370524853,29.34038568450311
2023-01-26 07:00:00,100.0,22.86914811972371,24.75221327196008
2023-01-27 07:00:00,100.0,40.67466110531804,27.53599166377207
2023-01-28 07:00:00,99.99248720889815,38.52674773057313,28.30588460201602
2023-01-29 07:00:00,100.0,36.37883435582822,27.22189417177912
2023-01-30 07:00:00,100.0,33.33576362240982,27.20419033000769
2023-01-31 07:00:00,100.0,41.72217958557176,26.1209317484662
2023-02-01 07:00:00,100.0,47.00977893136266,25.22584355828221
2023-02-02 07:00:00,100.0,52.29737827715356,27.5593501670998
2023-02-03 07:00:00,99.57166866129648,46.70069071373753,28.26707710011505
2023-02-04 07:00:00,100.0,19.32649513212796,26.52301112656471
2023-02-05 07:00:00,99.89286040296051,17.03373097490745,28.35864720394736
2023-02-06 07:00:00,97.11525416187185,16.52036894696387,28.54615797546003
2023-02-07 07:00:00,99.90610109186747,17.04180790960452,29.25762048192774
2023-02-08 07:00:00,100.0,19.89741775733994,29.03057304563138
2023-02-09 07:00:00,99.94835596521737,20.04810393258427,29.43823652173905
2023-02-10 07:00:00,99.99818918711657,21.43596625766871,29.27722392638033
2023-02-11 07:00:00,97.53802539130434,18.23860869565218,30.02787478260865
2023-02-12 07:00:00,99.60934615919359,15.59193604449079,29.55634341327771
2023-02-13 07:00:00,99.98457610218377,29.24227441285538,28.5468850432633
2023-02-14 07:00:00,98.47208139362489,37.37583395107487,29.5091289844329
2023-02-15 07:00:00,97.48203808975829,32.37864823348694,29.12329881089371
2023-02-16 07:00:00,95.09762651573291,20.87936995774107,28.65063699155796
2023-02-17 07:00:00,97.1213331781141,18.94062863795111,28.82161816065188
2023-02-18 07:00:00,100.0,21.25028441410694,27.79144861585137
2023-02-19 07:00:00,100.0,32.20820298922489,28.77066712995137
2023-02-20 07:00:00,99.29783151631477,33.50479846449137,29.55819961612281
2023-02-21 07:00:00,99.9300731851852,33.18259259259259,28.58197777777777
2023-02-22 07:00:00,99.9239100762746,26.58537565287264,29.31486150140503
2023-02-23 07:00:00,99.51647311789772,34.47773423583897,29.31907315340909
2023-02-24 07:00:00,99.51058975441288,38.70272343690065,29.77878404296129
2023-02-25 07:00:00,97.12398490783413,44.86439364587369,29.97698924731187
2023-02-26 07:00:00,99.79634744721689,34.89132104454685,29.46072168905954
2023-02-27 07:00:00,96.48480949202819,43.57322951427512,29.12133110863931
2023-02-28 07:00:00,100.0,42.19966906822168,28.33230149597251
2023-03-01 07:00:00,99.99311314679953,40.826108622168235,28.88677270985053
2023-03-02 07:00:00,100.0,39.45254817611479,29.12806290755657
2023-03-03 07:00:00,99.99929417177914,38.07898773006135,29.24102377300617
2023-03-04 07:00:00,100.0,37.21842610364683,25.72678694817655
2023-03-05 07:00:00,100.0,37.00575815738964,28.05792496171522
2023-03-06 07:00:00,99.63690107444359,36.88181120491174,28.9562984273111
2023-03-07 07:00:00,93.06569804372845,37.18296892980437,28.28372075182204
2023-03-08 07:00:00,98.10846761320029,39.89807692307692,28.68232451093212
2023-03-09 07:00:00,97.16860260636263,34.39227799227799,29.40785741663467
2023-03-10 07:00:00,96.60808420320114,31.13604732080724,29.81179478260871
2023-03-11 07:00:00,94.73005767999999,36.57823129251701,29.20951999999993
2023-03-12 07:00:00,95.32698876611423,42.7377532228361,29.24116022099443
2023-03-13 07:00:00,94.15056104294482,47.98804012345679,28.83127684049082
2023-03-14 07:00:00,99.63527433936027,42.232598810773,28.28585331943
2023-03-15 07:00:00,90.34066380368094,38.35063437139561,29.0695053680981
2023-03-16 07:00:00,85.9689846859903,37.48695652173913,29.88587922705315
2023-03-17 07:00:00,90.83772735474557,30.55872786411276,29.36439913388666
2023-03-18 07:00:00,91.07398761061944,25.40265486725664,30.1099668141593
2023-03-19 07:00:00,99.00289014192556,21.1108553893364,30.06439969313389
2023-03-20 07:00:00,92.4033585122698,25.625,31.03422546012274
2023-03-21 07:00:00,99.89766731639402,22.32311977715877,30.08034806822139
2023-03-22 07:00:00,100.0,23.89098998887653,30.33487949573601
2023-03-23 07:00:00,97.44218865826548,22.15928544845553,30.59932542624163
2023-03-24 07:00:00,95.63011773512477,32.92242703533026,31.54934740882919
2023-03-25 07:00:00,88.25069979144945,33.10848400556328,31.35963851233925
2023-03-26 07:00:00,99.17015040276178,34.67677543186181,30.59777138473336
2023-03-27 07:00:00,94.34772428078246,35.87188339087074,30.80324510932111
2023-03-28 07:00:00,96.99387647671995,34.90368567454799,30.91918346073668
2023-03-29 07:00:00,99.47753346170305,34.69495906936665,31.13971758664953
2023-03-30 07:00:00,99.18357636015331,24.03256704980843,31.04513409961693
2023-03-31 07:00:00,97.7914328929068,31.75704838148277,30.8163351877608
2023-04-01 07:00:00,93.4262166184971,34.54443641618497,31.52630419075144
2023-04-02 07:00:00,95.95871446166072,35.53638170974155,32.2054032578467
2023-04-03 07:00:00,91.70651800630414,33.80260047281324,32.41939716312056
2023-04-04 07:00:00,94.18146270145813,33.76834421820976,31.52974290099785
2023-04-05 07:00:00,95.16166821497126,32.56122840690979,32.13975431861804
2023-04-06 07:00:00,85.8949890472879,30.53256704980843,31.8628894297635
2023-04-07 07:00:00,93.10851119610565,33.60370759006646,31.04683588317101
2023-04-08 07:00:00,96.06248093202221,37.29041916167665,31.22143651132959
2023-04-09 07:00:00,92.80509178818107,25.27311085538934,31.89298043728427
2023-04-10 07:00:00,97.42752353963839,22.25156576200418,31.26772600834491
2023-04-11 07:00:00,97.29422587198161,32.38496932515337,31.46888079724042
2023-04-12 07:00:00,94.40857234212632,43.74778761061947,32.41623900879302
2023-04-13 07:00:00,97.9762140590406,44.61026967122275,31.67246034673548
2023-04-14 07:00:00,97.71343874425726,42.92225201072386,31.56243108728943
2023-04-15 07:00:00,95.85382436938869,49.57142857142857,32.60189397178287
2023-04-16 07:00:00,98.31184184847285,48.001013365468886,30.6685997619992
2023-04-17 07:00:00,100.0,46.4305981595092,28.89013036809807
2023-04-18 07:00:00,93.81835989263801,46.526059150364624,30.90855061349699
2023-04-19 07:00:00,94.07167499041044,46.621520141220046,31.84522622699389
2023-04-20 07:00:00,91.54734052832806,46.71698113207547,32.58470281543267
2023-04-21 07:00:00,89.95901678708036,45.03446808510638,31.91070183506677
2023-04-22 07:00:00,96.11605581196581,36.39401709401709,31.23670085470087
2023-04-23 07:00:00,97.80066681190995,33.21467490010897,30.08169571532322
2023-04-24 07:00:00,99.26874541784414,31.90618681763041,29.94473960436023
2023-04-25 07:00:00,99.8593257866462,30.57060629316961,30.93387183422869
2023-04-26 07:00:00,100.0,30.56101304681504,31.61975843558289
2023-04-27 07:00:00,100.0,22.43684992570579,32.02272659732545
2023-04-28 07:00:00,99.43614623944745,30.31108553893364,32.10172228615271
2023-04-29 07:00:00,100.0,31.59465020576132,32.42186419753089
2023-04-30 07:00:00,99.78612072936659,30.48540706605223,29.62588483685217
2023-05-01 07:00:00,99.95837987398072,34.08728086534875,30.29084507042245
2023-05-02 07:00:00,100.0,23.06191304347826,31.52211331247826
2023-05-03 07:00:00,100.0,23.1818856718634,29.74637374860959
2023-05-04 07:00:00,100.0,18.21796657381616,31.1784591304348
2023-05-05 07:00:00,100.0,23.87660757733751,30.11233495482976
2023-05-06 07:00:00,94.1951308016878,19.45412667946257,32.01086306098963
2023-05-07 07:00:00,98.76776010703985,15.3067105804858,32.61325648414991
2023-05-08 07:00:00,100.0,13.22461752433936,31.75667941585533
2023-05-09 07:00:00,100.0,17.22855158040986,32.07659256686347
2023-05-10 07:00:00,99.18660899753493,16.56902218570255,30.40649548069025
2023-05-11 07:00:00,100.0,14.44815588030619,29.2094508168231
2023-05-12 07:00:00,97.85704141638857,25.26499250374813,30.64684093437152
2023-05-13 07:00:00,93.25911008344929,22.00801952580195,32.29855455177211
2023-05-14 07:00:00,94.42455439377085,23.34990723562152,32.67201705598814
2023-05-15 07:00:00,99.71893495181617,20.03817642698295,31.8218421052632
2023-05-16 07:00:00,100.0,32.94780793319416,29.64451702571231
2023-05-17 07:00:00,99.99993820483314,22.0728807057921,30.46225546605288
2023-05-18 07:00:00,99.99704099332838,22.63528539659007,28.93120459599699
2023-05-19 07:00:00,100.0,15.40824742268041,28.90140618556697
2023-05-20 07:00:00,99.94708412091732,19.36126564673157,31.62260250173729
2023-05-21 07:00:00,99.94597663551401,27.73338124326267,31.91277039166367
2023-05-22 07:00:00,100.0,27.3139407244786,30.32037673738107
2023-05-23 07:00:00,100.0,19.47733105218135,27.5239649272883
2023-05-24 07:00:00,100.0,23.79040667361835,29.31170257123
2023-05-25 07:00:00,100.0,31.2236646884273,30.1294848035582
2023-05-26 07:00:00,100.0,22.33640199462984,30.79416570771003
2023-05-27 07:00:00,100.0,22.05005561735262,29.81841734618235
2023-05-28 07:00:00,100.0,12.29542302357836,30.07644714038132
2023-05-29 07:00:00,100.0,17.24922480620155,28.33832558139528
2023-05-30 07:00:00,100.0,12.28259902091678,29.51175711743771
2023-05-31 07:00:00,100.0,19.06703397612489,28.85007346189164
2023-06-01 07:00:00,100.0,14.03792074989348,28.73763101832129
2023-06-02 07:00:00,100.0,15.74285714285714,28.61688935281833
2023-06-03 07:00:00,100.0,14.34761904761905,30.24624008461134
2023-06-04 07:00:00,100.0,9.63659683625481,29.13526720820862
2023-06-05 07:00:00,100.0,9.388569236670502,29.75151990811638
2023-06-06 07:00:00,100.0,11.10465924895689,28.61700973574412
2023-06-07 07:00:00,100.0,15.34755381604697,28.44712952158692
2023-06-08 07:00:00,100.0,13.93057153816648,27.74251150306747
2023-06-09 07:00:00,100.0,21.33819018404908,27.42981978527611
2023-06-10 07:00:00,100.0,12.851096575606,29.64102377300613
2023-06-11 07:00:00,100.0,8.921701304978251,27.62017399710003
2023-06-12 07:00:00,100.0,10.10370051635112,28.09407996560616
2023-06-13 07:00:00,100.0,17.53047210300429,28.83359281437125
2023-06-14 07:00:00,100.0,26.78366823428816,29.76155622060702
2023-06-15 07:00:00,100.0,11.53852739726027,30.02461308251394
2023-06-16 07:00:00,100.0,18.21291314373559,29.03287797390639
2023-06-17 07:00:00,100.0,16.26999140154772,30.5405774165954
2023-06-18 07:00:00,100.0,11.03141614306428,30.04675845410634
2023-06-19 07:00:00,100.0,13.21593673965937,27.62864766525168
2023-06-20 07:00:00,100.0,12.398729142897075,27.756526442293996
2023-06-21 07:00:00,100.0,11.581521546134779,27.884405219336315
2023-06-22 07:00:00,100.0,10.764313949372484,28.01228399637863
2023-06-23 07:00:00,100.0,9.94710635261019,28.140162773420947
2023-06-24 07:00:00,100.0,9.129898755847893,28.268041550463266
2023-06-25 07:00:00,100.0,8.312691159085599,28.395920327505582
2023-06-26 07:00:00,100.0,7.4954835623233045,28.523799104547898
2023-06-27 07:00:00,100.0,6.678275965561009,28.651677881590217
2023-06-28 07:00:00,100.0,5.861068368798714,28.779556658632533
2023-06-29 07:00:00,100.0,5.043860772036419,28.90743543567485
2023-06-30 07:00:00,100.0,4.226653175274125,29.035314212717164
2023-07-01 07:00:00,100.0,3.4094455785118285,29.163192989759484
2023-07-02 07:00:00,100.0,2.592237981749534,29.2910717668018
2023-07-03 07:00:00,100.0,1.7750303849872395,29.418950543844115
2023-07-04 07:00:00,100.0,0.9578227882249433,29.546829320886435
2023-07-05 07:00:00,100.0,0.1406151914626491,29.67470809792875
2023-07-06 07:00:00,99.9893717032967,0.3736263736263736,30.0034301412875
2023-07-07 07:00:00,99.94647886881383,0.3106834249803613,29.70349960722689
2023-07-08 07:00:00,99.80156454363089,0.0802407221664995,29.81610330992978
2023-07-09 07:00:00,99.95561256526277,0.05151409676296554,30.00044204664124
2023-07-10 07:00:00,100.0,0.02645502645502645,29.6674747474748
2023-07-11 07:00:00,100.0,0.3080614203454894,28.94534548944335
2023-07-12 07:00:00,94.61535820553902,0.7695537428023032,28.882867964741532
2023-07-13 07:00:00,89.23071641107805,1.231046065259117,28.82039044003971
2023-07-14 07:00:00,83.84607461661707,1.6925383877159308,28.75791291533789
2023-07-15 07:00:00,78.4614328221561,2.1540307101727447,28.69543539063607
2023-07-16 07:00:00,73.07679102769512,2.6155230326295587,28.63295786593425
2023-07-17 07:00:00,67.69214923323415,3.077015355086372,28.570480341232432
2023-07-18 07:00:00,62.30750743877318,3.538507677543186,28.50800281653061
2023-07-19 07:00:00,56.9228656443122,4.0,28.44552529182879
2023-07-20 07:00:00,61.0018803404471,5.793632228719948,28.415887625014516
2023-07-21 07:00:00,65.080895036582,7.587264457439897,28.38624995820024
2023-07-22 07:00:00,69.1599097327169,9.380896686159845,28.356612291385964
2023-07-23 07:00:00,73.2389244288518,11.174528914879794,28.32697462457169
2023-07-24 07:00:00,77.3179391249867,12.968161143599742,28.297336957757413
2023-07-25 07:00:00,81.3969538211216,14.76179337231969,28.26769929094314
2023-07-26 07:00:00,87.11519063402626,18.988799439972,26.93502990744268
2023-07-27 07:00:00,88.00908606847301,12.23360224482638,26.75004096368311
2023-07-28 07:00:00,77.48281246941704,12.18638743455497,29.77810960158638
2023-07-29 07:00:00,77.40839175232124,11.66391597899475,29.49406486435076
2023-07-30 07:00:00,75.10287708775637,9.567732662594322,30.02692146820745
2023-07-31 07:00:00,79.54254899143058,8.928190543903305,28.8372409109117
2023-08-01 07:00:00,85.94077638777799,12.86093640810622,27.92011868714608
2023-08-02 07:00:00,84.65502583398796,10.21348314606742,27.77900792822763
2023-08-03 07:00:00,82.8837718171723,11.75148342059337,28.02655284181979
2023-08-04 07:00:00,78.45553543387705,14.21688449311197,28.75641316181467
2023-08-05 07:00:00,74.17696676067476,19.81199579095054,29.5892616921453
2023-08-06 07:00:00,72.23836074816835,18.93758865248227,29.48932302700022
2023-08-07 07:00:00,74.1916194537099,14.55969101123596,29.71327168699203
2023-08-08 07:00:00,81.12895030954033,17.86131643787399,28.68745529814212
2023-08-09 07:00:00,86.85852665316708,18.93009437259699,27.01507783101204
2023-08-10 07:00:00,80.77979061444327,9.14214817440624,28.07018249033103
2023-08-11 07:00:00,79.98967716008843,11.61455331412104,28.54528946291038
2023-08-12 07:00:00,76.45707925941173,10.1897247706422,29.24152344361202
2023-08-13 07:00:00,80.05121324600778,11.86999645766915,28.4892978124911
2023-08-14 07:00:00,85.78099651892205,12.5498945888967,27.84198840399885
2023-08-15 07:00:00,86.2244523842115,11.88763649172244,27.2682950632668
2023-08-16 07:00:00,86.3311243078668,12.46858638743456,27.14529591647945
2023-08-17 07:00:00,83.97204266810749,12.3083185840708,27.30300056803455
2023-08-18 07:00:00,76.79697230741571,12.80948931546541,29.19195062571511
2023-08-19 07:00:00,76.07880796456904,17.21701085054253,29.45090465745215
2023-08-20 07:00:00,77.01514952255877,21.68808941669577,29.52980266055412
2023-08-21 07:00:00,77.97740832653437,18.73360353721444,28.50541828807841
2023-08-22 07:00:00,79.11246399660345,18.4508880028996,28.75629088297226
2023-08-23 07:00:00,75.69343691112316,22.02638058389026,29.22856517345357
2023-08-24 07:00:00,69.88247411742985,16.58119658119658,29.94045376509273
2023-08-25 07:00:00,69.84898708543628,12.11146609868655,30.27701690109099
2023-08-26 07:00:00,73.53065214458476,11.6187106918239,29.87887851702921
2023-08-27 07:00:00,70.34158678973812,11.73342786246012,30.38344134155164
2023-08-28 07:00:00,69.25975508884805,11.19731592310482,30.46637980640622
2023-08-29 07:00:00,74.70877438066427,8.634552698297718,29.84814113611848
2023-08-30 07:00:00,75.89345490896036,11.17445608380338,29.31705233183876
2023-08-31 07:00:00,74.2740142065342,9.651982378854626,30.43196975609302
2023-09-01 07:00:00,80.75885358122267,7.896783315659244,28.7618139042352
2023-09-02 07:00:00,88.45109497293694,6.600903614457831,26.62358284320221
2023-09-03 07:00:00,85.15519091613457,6.894778796333201,27.0784548953134
2023-09-04 07:00:00,89.08793048841038,6.513883299798793,26.54004285117072
2023-09-05 07:00:00,90.9711066180209,7.455034588777863,26.18772088761012
2023-09-06 07:00:00,77.92950875447862,6.278826838087586,28.36689082522877
2023-09-07 07:00:00,78.38979274777384,13.98552078468006,29.77953900934032
2023-09-08 07:00:00,79.4675277715703,20.08449695667741,29.27462826211795
2023-09-09 07:00:00,85.3440512680495,23.63487940630798,27.88720955221562
2023-09-10 07:00:00,75.69783785772066,11.7497310864109,29.05950313164687
2023-09-11 07:00:00,85.55552531392365,19.57239899892742,26.80595274520413
2023-09-12 07:00:00,84.99689490460202,23.61289186333216,27.93940542433772
2023-09-13 07:00:00,86.82383050989017,31.51048445408532,27.44370451152356
2023-09-14 07:00:00,83.43467459908575,38.99590469099032,28.19239034679957
2023-09-15 07:00:00,87.76176448307343,25.35716814159292,26.47049176586725
2023-09-16 07:00:00,79.18986757364839,14.40322580645161,27.65125617201875
2023-09-17 07:00:00,82.58968925710076,18.31243432574431,27.77863540517973
2023-09-18 07:00:00,82.68460118799759,19.7900490011308,28.54848607349975
2023-09-19 07:00:00,83.35295713324372,22.47844019497563,27.79729636211875
2023-09-20 07:00:00,84.7048904352087,18.86216696269982,27.73386890331944
2023-09-21 07:00:00,74.3945167321622,22.71803278688525,30.16214258339011
2023-09-22 07:00:00,86.34597683105264,22.36369982547993,27.35800120660779
2023-09-23 07:00:00,85.21550421431867,14.64840858623242,27.47591360857962
2023-09-24 07:00:00,85.26147357092762,13.91642857142857,27.80151292603497
2023-09-25 07:00:00,79.64972873906167,10.05514974433893,28.91545697312633
2023-09-26 07:00:00,80.92934513825799,9.313370998116762,28.14145710934387
2023-09-27 07:00:00,86.14663540902477,11.70877320713506,27.53549905394893
2023-09-28 07:00:00,90.93068069555245,9.960162301733678,25.81454502519606
2023-09-29 07:00:00,80.37308977744264,18.11653313911144,28.40137872646238
2023-09-30 07:00:00,75.43693263416759,41.69765765765766,30.09876137982795
2023-10-01 07:00:00,74.1633003900591,29.87380130418105,30.04902938251395
2023-10-02 07:00:00,72.79510655746911,30.01505376344086,30.07378911594201
2023-10-03 07:00:00,84.16692111754915,30.87052631578947,28.00477280788761
2023-10-04 07:00:00,80.77463049829333,15.06801909307876,28.42376710411022
2023-10-05 07:00:00,85.37219853368543,18.14359351988218,27.83065240795853
2023-10-06 07:00:00,84.62015672723156,14.69900405754334,28.14531901959961
2023-10-07 07:00:00,88.22211356031376,17.39192568774562,26.87910345940053
2023-10-08 07:00:00,86.08719560442167,17.91889666529436,27.66570275381374
2023-10-09 07:00:00,86.59139355678937,32.41860465116279,27.49125232749818
2023-10-10 07:00:00,82.54791578860137,18.52178459393517,28.36649007367114
2023-10-11 07:00:00,79.49063544481591,21.60418222554145,28.96099896850604
2023-10-12 07:00:00,81.99184412482485,30.64705882352941,29.04830354471954
2023-10-13 07:00:00,84.93431486077003,24.79936530324401,28.63979435078298
2023-10-14 07:00:00,80.90289987172827,21.41588257433195,29.74338419894125
2023-10-15 07:00:00,85.2852886210737,19.84065737763487,28.10986915538645
2023-10-16 07:00:00,81.56909171483808,17.2613475177305,28.37572194923736
2023-10-17 07:00:00,82.70103570958538,19.9471766848816,28.59886997075915
2023-10-18 07:00:00,86.92483983476664,16.09003215434084,27.28860856794069
2023-10-19 07:00:00,88.11254704761316,18.956,27.24289296665083
2023-10-20 07:00:00,87.03914414126285,16.25498426023085,27.28606767240117
2023-10-21 07:00:00,80.56999303857961,25.69236234458259,28.89416557881763
2023-10-22 07:00:00,87.17324165115419,30.85314685314685,28.20361562790599
2023-10-23 07:00:00,89.88941416126053,16.77196652719665,26.53852387126116
2023-10-24 07:00:00,90.83879132484462,30.40385964912281,26.58402257264442
2023-10-25 07:00:00,81.1363536659801,15.76080084299262,28.72977973323288
2023-10-26 07:00:00,82.83088892665367,27.52904128761372,28.56481667310292
2023-10-27 07:00:00,82.37023160893608,27.81110335195531,28.01688073252254
2023-10-28 07:00:00,86.05785694634879,22.64481065918654,28.13461362519374
2023-10-29 07:00:00,81.75403281221304,16.41145092460882,28.85375269009421
2023-10-30 07:00:00,80.73384306125224,19.36040432206344,28.97399881815718
2023-10-31 07:00:00,89.55057246818335,17.06966773847803,26.98078762938724
2023-11-01 07:00:00,90.77747240992865,25.07037582903464,26.69919586247749
2023-11-02 07:00:00,90.87843465394276,19.359375,26.7751274342215
2023-11-03 07:00:00,92.95621360621755,18.08018207282913,26.08373659412653
2023-11-04 07:00:00,83.77160497903749,22.98240675580577,28.70737555722677
2023-11-05 07:00:00,83.7538041589312,27.69725125822687,28.00259558443603
2023-11-06 07:00:00,83.86865794163904,16.48456568557071,28.27639801203308
2023-11-07 07:00:00,82.85978079981322,14.81837683232034,29.28090611367133
2023-11-08 07:00:00,86.05602265844684,23.84078711985689,27.5764488184791
2023-11-09 07:00:00,81.04956777697673,29.65039483129936,28.91570943141741
2023-11-10 07:00:00,81.13619868903363,15.815411558669,28.5049678404756
2023-11-11 07:00:00,89.23915478018917,26.17678381256656,27.66184473178749
2023-11-12 07:00:00,91.34428986554107,18.51768826619965,26.73943466016973
2023-11-13 07:00:00,93.64380830353718,12.16936671575847,26.06376835703592
2023-11-14 07:00:00,92.6093265601164,12.67289377289377,26.57402073270703
2023-11-15 07:00:00,86.48626389581634,9.117908787541714,28.08068282793413
2023-11-16 07:00:00,89.23774867647612,15.98376279562302,27.36316938017918
2023-11-17 07:00:00,93.93208213145532,14.60298295454546,25.88158313787629
2023-11-18 07:00:00,92.75000691745934,9.192732454577841,26.05183475659728
2023-11-19 07:00:00,88.6960507652546,19.22265625,26.901678232404
2023-11-20 07:00:00,83.08859694428129,23.80594795539033,27.76915780126005
2023-11-21 07:00:00,80.16318643267769,33.77244411872481,27.82505202898727
2023-11-22 07:00:00,81.0957049933315,47.77860962566845,27.91609314096094
2023-11-23 07:00:00,83.54828548530469,51.55254833040422,28.1832538536741
2023-11-24 07:00:00,84.26930171107931,31.26717281272596,27.80339201271299
2023-11-25 07:00:00,86.27561558619095,23.91129883843717,27.22328176014885
2023-11-26 07:00:00,89.53919345270525,14.61816891412349,26.69748654841976
2023-11-27 07:00:00,96.28660473705199,18.9194464158978,26.63248780075501
2023-11-28 07:00:00,95.4506794325269,12.02289538569919,26.567489053090252
2023-11-29 07:00:00,88.63080647786781,19.73537906137184,26.5024903054255
2023-11-30 07:00:00,89.55176799050813,31.39846322722283,27.28059546253205
2023-12-01 07:00:00,90.02855560183708,11.12701252236136,26.84421826106433
2023-12-02 07:00:00,87.94525311306585,17.23634336677815,27.3258967999631
2023-12-03 07:00:00,85.67169853388394,12.9558615819209,27.70326713062279
2023-12-04 07:00:00,90.93494524484177,10.36797454931071,25.99426102469046
2023-12-05 07:00:00,90.486429457411,13.81894442502622,26.23782313652269
2023-12-06 07:00:00,77.49710580596104,11.58831808585503,29.27437609956104
2023-12-07 07:00:00,79.81361839365286,17.26866209880995,29.21051942002169
2023-12-08 07:00:00,81.41769935046277,20.22343805153547,28.72247326715509
2023-12-09 07:00:00,82.29682351642981,22.12203626220363,28.0778819972165
2023-12-10 07:00:00,79.97333628993594,25.23589204346302,29.00842920563954
2023-12-11 07:00:00,80.8006567615202,27.36465246245197,28.73085389150769
2023-12-12 07:00:00,79.25007729969262,28.68573421695152,29.42151259698248
2023-12-13 07:00:00,76.83668603220758,39.64026517794836,29.03157386322289
2023-12-14 07:00:00,80.38013499069548,38.23921431076815,28.57161857519115
2023-12-15 07:00:00,79.81563886597644,32.74563242487771,28.83547466141324
2023-12-16 07:00:00,82.39084391672023,27.34750784245382,28.00206139067759
2023-12-17 07:00:00,78.02880508006086,24.34776536312849,29.2971682127082
2023-12-18 07:00:00,77.85767088719278,22.32960893854749,28.93313647383609
2023-12-19 07:00:00,80.29825778108348,28.47785141262644,28.0572483028463
2023-12-20 07:00:00,80.63889349106923,21.59379358437936,28.65497692844401
2023-12-21 07:00:00,77.28412128249025,23.90807498197548,29.25169458204062
2023-12-22 07:00:00,78.72846965624957,16.70888733379986,29.00791392245873
2023-12-23 07:00:00,71.86655892574747,13.32904148783977,28.52282558119339
2023-12-24 07:00:00,73.28066323314587,22.16649141254819,27.5793644967701
2023-12-25 07:00:00,81.32955256967453,25.19587988826816,26.49537556800432
2023-12-26 07:00:00,80.55858812715333,29.78020429728778,26.72426095528858
2023-12-27 07:00:00,77.7802320174435,37.40877192982456,27.34538963377036
2023-12-28 07:00:00,78.00411192465691,31.63530655391121,27.89145313579621
2023-12-29 07:00:00,82.1596839314394,30.67252747252747,27.34009053686328
2023-12-30 07:00:00,84.77489098499672,28.45298245614035,27.68330428765128
2023-12-31 07:00:00,89.24835163863067,36.53199010250972,26.30580146502261
2024-01-01 07:00:00,80.79958170759548,40.87416987067459,28.66395781693807
2024-01-02 07:00:00,78.80643824017581,20.81854987118145,28.46384215544327
2024-01-03 07:00:00,77.94900355356303,21.70503076366268,29.13750993693414
2024-01-04 07:00:00,74.59344422267304,28.89370629370629,29.46465227570173
2024-01-05 07:00:00,75.65928281096902,27.74859550561798,29.52209977053603
2024-01-06 07:00:00,75.9031824684424,32.09004905395935,28.75586765263257
2024-01-07 07:00:00,75.28352631672907,43.08709338929696,29.30031688489231
2024-01-08 07:00:00,77.28341425121731,43.29814750087382,28.66900670780934
2024-01-09 07:00:00,79.7599803641909,34.64661921708185,27.35058280232201
2024-01-10 07:00:00,78.06122075333725,40.88543897216274,28.56496685138134
2024-01-11 07:00:00,77.1338572869279,45.58292512246326,28.77457305838685
2024-01-12 07:00:00,75.66850803208473,39.64350558659218,28.91220991608404
2024-01-13 07:00:00,75.98891674100693,42.4585519412382,28.76951426220858
2024-01-14 07:00:00,73.47289000755866,35.80759673411431,28.70558451221752
2024-01-15 07:00:00,72.2110874627173,35.88170121515368,28.85169061018803
2024-01-16 07:00:00,72.1232206061077,46.47550734779566,29.16743467651697
2024-01-17 07:00:00,74.73837360869167,45.13990905911158,28.92320415549245
2024-01-18 07:00:00,72.36849232867765,33.888187872415,29.38564605257313
2024-01-19 07:00:00,71.69911927003908,33.13297491039427,29.4876014020799
2024-01-20 07:00:00,74.83314702542593,46.23959426372858,28.8261828617381
2024-01-21 07:00:00,74.90298240095852,45.68114926419061,28.7731759494077
2024-01-22 07:00:00,75.04834851222003,42.51345683327508,28.48333839878462
2024-01-23 07:00:00,72.22523543500114,38.82962962962963,29.3656248145604
2024-01-24 07:00:00,73.12228383945363,23.33228511530398,28.79761122731306
2024-01-25 07:00:00,70.53955151767472,15.99268292682927,29.21010761332157
2024-01-26 07:00:00,75.91291100158001,11.29640084685956,28.20354257798242
2024-01-27 07:00:00,68.59602149601216,18.42468175388968,29.16899149573919
2024-01-28 07:00:00,68.93665595837287,30.09052333804809,29.25103007840262
2024-01-29 07:00:00,69.37849264273575,24.7510460251046,28.99166805796171
2024-01-30 07:00:00,69.48278466169164,26.77667493796526,28.84409605535351
2024-01-31 07:00:00,68.67657739070305,27.12885154061625,28.93710814607385
2024-02-01 07:00:00,69.3582602863524,27.70083682008368,28.96687869152078
2024-02-02 07:00:00,69.7772037352211,38.12395251396648,29.12041892355266
2024-02-03 07:00:00,72.25314150324725,33.13078324225865,28.82377576575488
2024-02-04 07:00:00,73.3795766823843,44.61820083682009,28.98033433698116
2024-02-05 07:00:00,74.34759301436979,45.10491803278688,28.75795065221198
2024-02-06 07:00:00,71.0897686859752,51.17025026436377,29.39818020969411
2024-02-07 07:00:00,72.78126947613556,48.39191073919108,29.41629149584065
2024-02-08 07:00:00,72.07028947633896,48.62530583711989,29.7605282117635
2024-02-09 07:00:00,70.92792058008892,45.11707492795389,30.04785168252695
2024-02-10 07:00:00,69.20741003544063,44.50552190951193,29.98269775321381
2024-02-11 07:00:00,67.4333130102404,36.58879159369527,29.78654535076176
2024-02-12 07:00:00,72.80794946641697,29.36458696409899,28.20488566330862
2024-02-13 07:00:00,78.88495815537186,40.42816194912218,27.09287371420814
2024-02-14 07:00:00,72.36470061702093,32.46823069403715,29.12892952442489
2024-02-15 07:00:00,73.50884181957431,27.5138937741822,28.69654766105573
2024-02-16 07:00:00,68.73215073714911,24.56376080691643,29.89829287493824
2024-02-17 07:00:00,68.07548846136568,27.09475167312434,30.00370580853022
2024-02-18 07:00:00,66.63686343825222,27.94461969856292,29.4826216695066
2024-02-19 07:00:00,68.80933788205621,25.89664804469274,29.54853025623223
2024-02-20 07:00:00,68.272381372826,22.73743016759776,30.52305324397002
2024-02-21 07:00:00,71.83653345910352,25.62758374910905,30.44667028946082
2024-02-22 07:00:00,69.80467733963164,19.87347507842454,30.65552377789353
2024-02-23 07:00:00,69.5986368607106,20.57439198855508,30.47682982195744
2024-02-24 07:00:00,68.9026021434887,16.06831187410587,29.6867926943994
2024-02-25 07:00:00,66.45528358592979,14.73739495798319,30.19739536350122
2024-02-26 07:00:00,65.32030429770248,18.62128712871287,30.87207500791279
2024-02-27 07:00:00,68.4215183406584,31.86992840095465,29.91740257760937
2024-02-28 07:00:00,65.74230257363517,22.02649930264993,30.37349842552225
2024-02-29 07:00:00,66.20573445780562,29.3479020979021,30.37383612610794
2024-03-01 07:00:00,66.42222266913916,30.67503486750349,30.16257829426474
2024-03-02 07:00:00,68.47548499413915,32.50837789661319,30.17312884884015
2024-03-03 07:00:00,67.91179315652197,31.16993930739022,30.36782113342923
2024-03-04 07:00:00,66.89374624661743,28.74258807115452,30.44900101706416
2024-03-05 07:00:00,69.72519494241263,28.58194098826875,30.30329821615627
2024-03-06 07:00:00,67.72610625976732,39.72511351728956,30.81998607287801
2024-03-07 07:00:00,70.1971907682263,38.95350500715308,31.13583584294029
2024-03-08 07:00:00,69.32199523109797,41.51108687749909,30.77522577431288
2024-03-09 07:00:00,70.63794088771087,34.86273792093704,29.94132152066103
2024-03-10 07:00:00,71.17953033391485,21.77680754453371,30.14889065231942
2024-03-11 07:00:00,66.67356672859904,45.30802292263611,30.593883837526
2024-03-12 07:00:00,68.17499725169428,44.16633266533066,29.68954490961016
2024-03-13 07:00:00,65.43344316939321,36.33122911251392,30.04177379641776
2024-03-14 07:00:00,63.54091747255882,32.26808808109053,30.68439058594627
2024-03-15 07:00:00,65.34910393373323,27.38969290504765,31.27295089797036
2024-03-16 07:00:00,69.24102456233675,32.88093575418994,30.80440912208198
2024-03-17 07:00:00,65.10847440385267,34.52824858757062,29.94308492593988
2024-03-18 07:00:00,67.35247614221359,31.93342877594846,30.27366012653179
2024-03-19 07:00:00,67.15521751233287,31.50894774516822,30.01906615878258
2024-03-20 07:00:00,64.81381927127644,28.44502985598876,30.24732118276779
2024-03-21 07:00:00,62.44555555413474,33.41655027932961,30.33503654706245
2024-03-22 07:00:00,62.19683648595539,34.53156609696547,30.49337476634127
2024-03-23 07:00:00,67.64102724460523,30.80223619846261,30.53365386076448
2024-03-24 07:00:00,69.26787314204536,31.84247293049249,30.73319861370486
2024-03-25 07:00:00,69.19383159645821,33.4926522043387,30.7348897642449
2024-03-26 07:00:00,68.68112270674811,28.86212976022567,30.60632977156769
2024-03-27 07:00:00,67.65491099489162,27.09518828451883,31.04417730249235
2024-03-28 07:00:00,68.33241781863106,21.10080223229857,31.27418646114942
2024-03-29 07:00:00,67.88103627110148,28.16437786100708,31.34742730700077
2024-03-30 07:00:00,67.26536136572335,25.60302390998594,31.64317674647392
2024-03-31 07:00:00,76.54801718450689,30.88325760223698,29.50322471507134
2024-04-01 07:00:00,70.74312248055263,27.35260528194147,30.84426490860074
2024-04-02 07:00:00,66.5533201879607,25.76581614819993,31.91900699448278
2024-04-03 07:00:00,65.64204865826309,29.62078956899674,32.5398673725166
2024-04-04 07:00:00,68.70239557567383,34.74037788663401,32.08284494319063
2024-04-05 07:00:00,67.7673429571149,42.32636428065202,32.08240424706919
2024-04-06 07:00:00,68.56252187613431,39.61775232641374,32.30295014401318
2024-04-07 07:00:00,66.23039262074577,38.1362660944206,32.0330021508889
2024-04-08 07:00:00,67.51721393079403,35.3675751222921,30.90651247270422
2024-04-09 07:00:00,69.82624855593808,22.79571481344662,31.37908511763693
2024-04-10 07:00:00,67.15705986522539,21.23017813482361,31.75956081251878
2024-04-11 07:00:00,64.07583771216856,23.07095421181405,32.22093214330033
2024-04-12 07:00:00,60.19610507748615,28.56361101429069,31.93025443607933
2024-04-13 07:00:00,65.56190545878309,32.31686661961891,31.80087836561994
2024-04-14 07:00:00,66.05260090454912,39.11988815099615,31.70981571117642
2024-04-15 07:00:00,67.54479459324129,37.89748953974895,30.82375478560281
2024-04-16 07:00:00,69.31800185239416,29.99860335195531,30.93204440684375
2024-04-17 07:00:00,67.58563126714833,26.8106880894167,30.49902504550186
2024-04-18 07:00:00,67.03291243998022,27.38125218607905,31.15022010698766
2024-04-19 07:00:00,64.22475202619108,26.89032936229853,32.17975130467585
2024-04-20 07:00:00,66.30079065770524,37.41390150192106,31.99779816791001
2024-04-21 07:00:00,68.98900644293718,36.82140274765003,31.76751727162954
2024-04-22 07:00:00,69.10105270831757,37.41068866571019,31.78370355617308
2024-04-23 07:00:00,70.16329440421248,39.32485186476124,32.34583867086639
2024-04-24 07:00:00,71.1997169776665,39.86932215234102,32.12477601307342
2024-04-25 07:00:00,69.98316945003447,34.46815286624204,32.13977952495208
2024-04-26 07:00:00,68.61417015128892,32.32182705718271,32.18781266230665
2024-04-27 07:00:00,68.19957832917333,34.98458304134548,32.35199235726986
2024-04-28 07:00:00,67.89222499802261,31.02973844500179,32.516172052233074
2024-04-29 07:00:00,66.65443390829707,24.61552217453505,32.68035174719628
2024-04-30 07:00:00,68.78232550808546,26.32340574632095,32.68658268395313
2024-05-01 07:00:00,64.04541191577233,30.76997146932953,32.69281362070998
2024-05-02 07:00:00,68.34658697543564,41.31779957953749,32.69904455746682
2024-05-03 07:00:00,67.14036235814244,42.64086471408647,32.4398130552107
2024-05-04 07:00:00,66.76662212536682,43.61021126760564,32.18058155295457
2024-05-05 07:00:00,67.27968639797973,44.20534351145038,31.92135005069845
2024-05-06 07:00:00,65.8903402289013,44.59043131569409,32.16119117212217
2024-05-07 07:00:00,72.35095371422027,43.2525358516964,30.5973395903328
2024-05-08 07:00:00,72.68173376760335,34.95187165775401,29.88955858587198
2024-05-09 07:00:00,73.5457780765736,25.471059972106,29.78709412092438
2024-05-10 07:00:00,69.50079098467751,20.98216159496327,31.35963394412383
2024-05-11 07:00:00,71.65548709645381,20.32977207977208,30.74801138209998
2024-05-12 07:00:00,72.31694548934551,22.17567567567568,31.11229492066841
2024-05-13 07:00:00,69.68645255910131,26.63257983494797,31.55702693972931
2024-05-14 07:00:00,72.74376581536829,22.06801534705267,30.40782598083453
2024-05-15 07:00:00,70.75596897113438,19.17562724014337,31.64609873571635
2024-05-16 07:00:00,67.81062755502208,21.72564866014462,32.52352983688834
2024-05-17 07:00:00,82.47063935754717,30.05640373197625,28.55453359582986
2024-05-18 07:00:00,82.20827541316267,27.14077315827863,28.76251620158501
2024-05-19 07:00:00,77.90216194070764,23.669854764435,29.97750315862553
2024-05-20 07:00:00,80.40543226554296,26.76294469883762,29.27582053992798
2024-05-21 07:00:00,77.5723832027753,14.19386331938633,29.76393525652348
2024-05-22 07:00:00,83.66708897170602,10.03813855843247,27.54008823653512
2024-05-23 07:00:00,75.44295620895808,11.43517869656622,29.51955099580085
2024-05-24 07:00:00,79.71626276929226,16.10401135960241,28.36226697049614
2024-05-25 07:00:00,69.42371892241432,21.0517844646606,31.57310311950961
2024-05-26 07:00:00,71.9389019404693,26.11377245508982,30.49979048803711
2024-05-27 07:00:00,71.07227903302169,27.65024458420685,31.57708177284252
2024-05-28 07:00:00,67.39490234225975,26.36107142857143,32.51198872739779
2024-05-29 07:00:00,66.55330395359351,29.29518492672715,32.4307229225169
2024-05-30 07:00:00,68.23505306467926,25.11360448807854,32.40716636781065
2024-05-31 07:00:00,74.91157396810864,17.84217877094972,30.26389727140554
2024-06-01 07:00:00,73.2247605854899,9.224374779852061,29.16259627826495
2024-06-02 07:00:00,75.98371837042012,20.98484848484848,29.75245387035846
2024-06-03 07:00:00,82.20395565161088,31.47008849557522,28.53510428461186
2024-06-04 07:00:00,69.75953243880456,23.66351871283666,30.40125946440306
2024-06-05 07:00:00,67.02743874760094,16.53789731051345,31.2507740730251
2024-06-06 07:00:00,62.31068861191446,19.61781818181818,30.83915367915829
2024-06-07 07:00:00,61.78475296962289,21.569176882662,31.12333076417954
2024-06-08 07:00:00,63.9095015470806,17.71443587946741,31.49156677151576
2024-06-09 07:00:00,61.22959695471232,17.54450261780105,31.21638296652314
2024-06-10 07:00:00,64.79351373519636,16.32998925116446,31.12186676316142
2024-06-11 07:00:00,75.08610032951765,12.12132089016511,28.56093037881267
2024-06-12 07:00:00,75.01490669888409,20.41264204545455,29.01893023635882
2024-06-13 07:00:00,66.0742851130674,14.93727852586818,31.29393450366198
2024-06-14 07:00:00,64.1571224685897,12.5890794539727,31.36010041876949
2024-06-15 07:00:00,65.52028978180522,11.25384340364676,31.71458918464738
2024-06-16 07:00:00,68.92786094939244,15.41762854144806,30.80462226355219
2024-06-17 07:00:00,73.22324794956553,16.15698086463501,29.65238584644908
2024-06-18 07:00:00,78.27610517678023,21.68822090178259,28.58436438363025
2024-06-19 07:00:00,68.66692866017101,11.73976504093984,29.88284761309017
2024-06-20 07:00:00,72.07656949531113,6.461705989110707,28.92838087124972
2024-06-21 07:00:00,70.66043851618767,9.617917847025495,28.99912832770899
2024-06-22 07:00:00,70.95577683005313,8.466101694915254,28.52106720392951
2024-06-23 07:00:00,80.61965004486726,11.2020979020979,26.6606750797721
2024-06-24 07:00:00,83.22239460644354,12.44033496161898,26.72162857056929
2024-06-25 07:00:00,86.59025130396422,19.17365478686233,26.22211512807041
2024-06-26 07:00:00,79.73750897001071,14.19300699300699,28.38689318044426
2024-06-27 07:00:00,70.418406763984,37.07022343821249,31.46669575830851
2024-06-28 07:00:00,74.24956192391062,33.45584045584046,29.94877539210187
2024-06-29 07:00:00,78.55744030950612,26.15842972309849,28.37626137971776
2024-06-30 07:00:00,82.05059356742724,25.39923157527069,27.91399596488374
2024-07-01 07:00:00,79.56611822278089,15.0473292765382,28.03067045982259
2024-07-02 07:00:00,79.77681290344783,17.255752868466743,27.86236308078003
2024-07-03 07:00:00,79.98750758411478,19.464176460395283,27.694055701737476
2024-07-04 07:00:00,80.19820226478174,21.672600052323826,27.525748322694916
2024-07-05 07:00:00,80.40889694544869,23.881023644252366,27.35744094365236
2024-07-06 07:00:00,80.61959162611564,26.08944723618091,27.1891335646098
2024-07-07 07:00:00,70.86907359343093,19.22746331236897,29.68723622272128
2024-07-08 07:00:00,72.5858619579559,12.85484996510817,29.09330556935693
2024-07-09 07:00:00,79.82218709218395,17.04507337526205,28.34482414163822
2024-07-10 07:00:00,79.33351704040854,23.16479663394109,28.31457186066335
2024-07-11 07:00:00,81.89440859148625,16.71615875265769,27.40562763388406
2024-07-12 07:00:00,84.05949534654326,16.55563306592257,26.68608871831495
2024-07-13 07:00:00,83.91275428561374,21.01878766394896,26.61546229714871
2024-07-14 07:00:00,79.70835658552431,12.26403906522497,27.61297800554801
2024-07-15 07:00:00,81.68609766683498,17.86785216178522,26.76571021745218
2024-07-16 07:00:00,79.94098673004925,21.53942777390091,28.21606493120691
2024-07-17 07:00:00,84.27265734444836,12.60730920816911,27.48093965833186
2024-07-18 07:00:00,86.70150924379878,16.43710470836261,25.56387774531718
2024-07-19 07:00:00,79.21442364494425,25.34345961401001,29.12358825436791
2024-07-20 07:00:00,74.3172383072342,25.9762663832802,30.32659153651661
2024-07-21 07:00:00,84.3545659451836,33.2231924554663,27.7821499476847
2024-07-22 07:00:00,81.61989189358835,35.23624595469256,28.74466261389028
2024-07-23 07:00:00,70.46503554013884,23.27577770010486,29.74217361994485
2024-07-24 07:00:00,72.59724776048272,30.68854748603352,29.88321569661048
2024-07-25 07:00:00,70.59391417382956,25.41415557112824,30.06750398277046
2024-07-26 07:00:00,63.99286418019315,12.35122410546139,31.85998487819439
2024-07-27 07:00:00,77.27135595298857,31.83655705996132,29.89432356268945
2024-07-28 07:00:00,83.01124318784593,40.5963623644631,28.2853711292742
2024-07-29 07:00:00,86.41679614775344,31.39527503526093,26.23343016032839
2024-07-30 07:00:00,81.72011091135144,23.50663407821229,27.32697507899105
2024-07-31 07:00:00,79.31843412557507,21.52167832167832,28.65078133128031
2024-08-01 07:00:00,78.52029524502446,20.96124301675978,28.80938761772994
2024-08-02 07:00:00,78.52711101365236,26.96818181818182,28.58285619545629
2024-08-03 07:00:00,77.96484750032997,25.03940027894003,28.69703713300802
2024-08-04 07:00:00,76.64618929346226,25.36845778087928,29.19871365966407
2024-08-05 07:00:00,84.0335970441417,20.15239852398524,26.99398183613332
2024-08-06 07:00:00,77.40443063557088,17.53279832519191,28.20317353060529
2024-08-07 07:00:00,79.48853264319126,16.12982832618026,27.91651548805723
2024-08-08 07:00:00,80.41476377648614,16.35203903799233,28.16705290234811
2024-08-09 07:00:00,76.94415878001637,16.8465571478504,29.37956384957974
2024-08-10 07:00:00,80.97187382252531,17.51796302755493,28.01305748087393
2024-08-11 07:00:00,81.51959494969,20.24345092560252,28.08446019132184
2024-08-12 07:00:00,79.38055322490693,14.81038689438829,28.72976378592654
2024-08-13 07:00:00,73.63792473048807,12.15400770038502,29.35729195161025
2024-08-14 07:00:00,71.08811861296604,15.11635220125786,30.59339099676668
2024-08-15 07:00:00,75.95854875266792,24.1523178807947,29.32374879012153
2024-08-16 07:00:00,76.71968431517848,15.07518531591952,29.88479350002132
2024-08-17 07:00:00,79.31259987976054,9.823466476462198,28.9153542769103
2024-08-18 07:00:00,78.95713706650847,24.26187150837989,29.31917073396319
2024-08-19 07:00:00,79.08471959202976,15.08798882681564,28.51282569007647
2024-08-20 07:00:00,76.5544143433953,10.4544184421935,29.67722425551534
2024-08-21 07:00:00,71.54432124916113,15.54461099214847,29.53231710853617
2024-08-22 07:00:00,72.27093257647738,18.32798884628791,29.83018842711432
2024-08-23 07:00:00,77.58944179045443,21.55586592178771,28.87379540837712
2024-08-24 07:00:00,77.84756966534131,26.53210048848569,29.03871415108165
2024-08-25 07:00:00,77.71546402411674,13.2993006993007,28.42610988841265
2024-08-26 07:00:00,76.12950144851548,15.77455830388693,28.03589816955611
2024-08-27 07:00:00,80.54133187097939,14.66841186736475,27.70366807832573
2024-08-28 07:00:00,83.38542855952268,13.1990240501917,27.27779542661753
2024-08-29 07:00:00,83.13833154026528,7.951601423487545,26.62310829997742
2024-08-30 07:00:00,83.54668652203608,19.79356663131849,27.26729735958996
2024-08-31 07:00:00,77.9232440861511,26.10952214858737,29.21328264591779
2024-09-01 07:00:00,68.64737399942402,13.81199860481339,29.8881659772194
2024-09-02 07:00:00,71.58870110849698,13.31173380035026,29.20214786099104
2024-09-03 07:00:00,86.20964518127487,14.34836209933075,26.0678635652238
2024-09-04 07:00:00,82.27253129730559,12.50891296749388,27.45594840213674
2024-09-05 07:00:00,75.92926201461147,11.42432035268185,28.05654522022302
2024-09-06 07:00:00,83.0062853298377,9.903901734104046,27.21768634013425
2024-09-07 07:00:00,79.18891845369359,9.266811279826465,28.32121317533453
2024-09-08 07:00:00,80.29652402307936,8.654143258426966,28.38824669171649
2024-09-09 07:00:00,75.81645603563958,8.431155407899594,28.99324864008226
2024-09-10 07:00:00,71.71069070058397,14.54659685863874,29.52042649923884
2024-09-11 07:00:00,68.2837489163358,12.10868800562786,29.82499162738979
2024-09-12 07:00:00,72.1293713938765,17.05310971348707,29.4543116120462
2024-09-13 07:00:00,80.79970518016671,21.16666666666667,28.13092416300696
2024-09-14 07:00:00,83.06203951314059,17.15577534440127,27.26546482285744
2024-09-15 07:00:00,79.76155661196981,10.9574841883345,27.57329364922436
2024-09-16 07:00:00,86.12184928160768,12.59371690787151,25.94327618390247
2024-09-17 07:00:00,85.68308237787178,11.46678321678322,26.5232343133708
2024-09-18 07:00:00,80.11513129290039,15.30188679245283,27.63527232209099
2024-09-19 07:00:00,78.66514252022213,12.97071129707113,27.3173219746196
2024-09-20 07:00:00,86.22458324295762,14.19616055846422,26.45279337966174
2024-09-21 07:00:00,84.35050080040487,15.80167890870934,26.74523996840073
2024-09-22 07:00:00,81.65096159542857,16.34008379888268,27.64695179992528
2024-09-23 07:00:00,72.36659748720523,11.31442750797589,29.61264054723478
2024-09-24 07:00:00,81.07370155560467,20.45143256464011,28.16287033184953
2024-09-25 07:00:00,80.99238087839984,22.41748251748252,27.76245946555918
2024-09-26 07:00:00,72.27692648287044,22.23784540048968,29.99684400035835
2024-09-27 07:00:00,77.68393516710883,27.82528011204482,28.60834354341426
2024-09-28 07:00:00,76.79155040459591,19.48148148148148,29.34788165375598
2024-09-29 07:00:00,77.8963504831102,28.09567039106145,28.35902603112411
2024-09-30 07:00:00,71.73605790448323,24.81201413427562,30.41160688553924
2024-10-01 07:00:00,75.01568832502417,14.23572679509632,28.89658689234034
2024-10-02 07:00:00,74.15620076408084,10.77093772369363,29.65233457764893
2024-10-03 07:00:00,77.35168477091673,7.694661921708185,29.41078235896794
2024-10-04 07:00:00,79.74558326334282,15.75723753051971,28.32248365268202
2024-10-05 07:00:00,83.57141073307149,23.18325712275765,27.90467127340976
2024-10-06 07:00:00,87.15965687354158,18.04542278127184,26.87041886121739
2024-10-07 07:00:00,88.76571208603706,20.03329273244011,25.68402152822572
2024-10-08 07:00:00,80.20157551130819,19.79037321241716,28.88592501327052
2024-10-09 07:00:00,82.43930186113445,22.02059336823735,27.62734856119805
2024-10-10 07:00:00,79.82822431557663,29.33145473758366,28.26406831161497
2024-10-11 07:00:00,77.927566399762,24.73347324239245,28.75362893458534
2024-10-12 07:00:00,84.38151959407871,24.30678990401706,27.37288505169421
2024-10-13 07:00:00,86.00775113385677,14.00455820476858,27.09472190272141
2024-10-14 07:00:00,89.10709790910326,23.53009915014164,26.85460606597982
2024-10-15 07:00:00,81.04287691947788,20.19267015706806,28.40017061876676
2024-10-16 07:00:00,83.15464066333506,15.99651324965133,27.76419778033384
2024-10-17 07:00:00,79.0677608879254,20.7541958041958,28.87476365855855
2024-10-18 07:00:00,80.1081842275419,18.63756983240224,27.86949844063884
2024-10-19 07:00:00,82.26945123166614,11.51877011083304,26.929014261208
2024-10-20 07:00:00,80.34856646226135,10.83658712942878,27.08062121782697
2024-10-21 07:00:00,77.10074690648617,16.72930492490395,28.79998008071842
2024-10-22 07:00:00,68.10225533821766,21.77030324154758,29.61386191457447
2024-10-23 07:00:00,65.94552571850541,16.28556448794128,30.14578843395488
2024-10-24 07:00:00,80.23941911326985,20.93438045375218,27.28906897464044
2024-10-25 07:00:00,84.78423668048355,21.44395442851893,26.12122587437965
2024-10-26 07:00:00,76.82203068754727,12.60497439648866,27.64603972935519
2024-10-27 07:00:00,79.07357749457151,15.1253123884327,28.19749588337346
2024-10-28 07:00:00,76.77688444918935,15.03006993006993,28.87191658383585
2024-10-29 07:00:00,78.27284725457835,21.04059301094246,29.02149401282673
2024-10-30 07:00:00,83.09781581806477,26.86871508379888,27.50176283260305
2024-10-31 07:00:00,81.91783490227803,28.59100418410042,27.74262454006124
2024-11-01 07:00:00,77.40792994555403,27.29044630404463,28.69438308647016
2024-11-02 07:00:00,76.21329325161886,21.57841425078589,28.81479175632276
2024-11-03 07:00:00,75.97191409347175,23.79880827199439,28.90296731550139
2024-11-04 07:00:00,79.5093881932517,15.54370629370629,28.2667174589353
2024-11-05 07:00:00,87.27443301851861,15.3545162441985,26.2620853046875
2024-11-06 07:00:00,82.89004464806847,13.05172413793103,26.75820148484967
2024-11-07 07:00:00,85.42906555220982,11.38779378316907,26.78429726939951
2024-11-08 07:00:00,81.17002185523049,15.73743016759776,27.85459995575739
2024-11-09 07:00:00,79.71917155112176,12.90723899599855,27.73794624000685
2024-11-10 07:00:00,88.61375079578401,12.94434534427399,25.82298772465323
2024-11-11 07:00:00,84.37409206886338,13.02306885704299,26.89316989966208
2024-11-12 07:00:00,78.35749048496363,17.15352697095436,28.83352545541437
2024-11-13 07:00:00,82.61652362117667,33.23370522607163,27.64038524147044
2024-11-14 07:00:00,75.22001807034233,48.89853556485355,29.59755198309298
2024-11-15 07:00:00,67.27042801556428,43.20525059665871,31.7756461731447
2024-11-16 07:00:00,72.39284378713876,29.81618293755497,29.55209546833225
2024-11-17 07:00:00,75.40059691904042,25.09527145359019,29.38670705363664
2024-11-18 07:00:00,74.22500963404552,21.63813229571985,29.71369978141602
2024-11-19 07:00:00,79.06480109694711,23.99616457461646,28.51919629380278
2024-11-20 07:00:00,72.60958239450322,21.42140118508191,29.51248268035874
2024-11-21 07:00:00,80.51033417923709,16.72321116928447,28.03122409977435
2024-11-22 07:00:00,89.91734653909101,17.21827057182706,25.89016770984533
2024-11-23 07:00:00,86.34190173347582,13.85637918745545,26.3833652307775
2024-11-24 07:00:00,88.20506491678036,13.17634709587124,26.28806983143477
2024-11-25 07:00:00,87.34049026214433,14.43470670391062,26.88595181132676
2024-11-26 07:00:00,88.99720734280805,16.59251486533753,26.40007983900264
2024-11-27 07:00:00,85.36541063847481,24.60285913528591,27.23645253704647
2024-11-28 07:00:00,82.83895242154414,18.94275741710297,28.01294795914567
2024-11-29 07:00:00,89.96430090929486,14.98814918089927,25.76319701293345
2024-11-30 07:00:00,74.18913370904653,13.20734265734266,28.10236693572697
2024-12-01 07:00:00,83.77172929323419,28.09005235602094,26.71059605920454
2024-12-02 07:00:00,81.76037903452959,40.4741980474198,27.09936662556099
2024-12-03 07:00:00,80.03490314783375,40.24201217192849,28.14042092256991
2024-12-04 07:00:00,78.49407541179048,40.00982629643717,28.06297556785594
2024-12-05 07:00:00,81.06009387096569,39.77764042094586,28.29326580936347
2024-12-06 07:00:00,89.60971696889361,39.54545454545455,26.66022249618661
2024-12-07 07:00:00,78.32897796109903,12.45828970331588,28.51836496517926
2024-12-08 07:00:00,82.40542134293885,24.04259776536313,28.20022696463102
2024-12-09 07:00:00,79.75659595729715,18.00837988826816,28.13708291829209
2024-12-10 07:00:00,87.65475032924735,15.17556719022688,26.56412008770337
2024-12-11 07:00:00,82.11540976277972,36.299055613851,27.63135099745247
2024-12-12 07:00:00,73.16165624414802,37.62364841297524,28.69324136832086
2024-12-13 07:00:00,92.07277058922165,12.80851825340014,25.30852415288036
2024-12-14 07:00:00,92.62179288818781,7.502461188943582,25.20471641502065
2024-12-15 07:00:00,91.98417524015981,5.556623931623932,24.83320236316457
2024-12-16 07:00:00,89.63527725802831,7.765886287625418,26.02035580197629
2024-12-17 07:00:00,90.86006480799311,11.28675665815396,25.06176805596666
2024-12-18 07:00:00,85.47827469442562,26.36814530213063,26.17774400770946
2024-12-19 07:00:00,78.64125437332547,28.38019732205779,27.61964235874376
2024-12-20 07:00:00,78.45515821735437,26.42200212239123,27.40144220966611
2024-12-21 07:00:00,73.79427847779272,34.23919915700738,27.53264716507925
2024-12-22 07:00:00,72.77163729836997,29.75801952580195,28.21620186504838
2024-12-23 07:00:00,70.34518253431668,23.46051712089448,27.82370526106221
2024-12-24 07:00:00,72.39115618205656,38.50628491620112,26.08144373736491
2024-12-25 07:00:00,73.27609513542596,35.82391910739191,27.10945866225618
2024-12-26 07:00:00,76.73531923012393,38.09170153417016,27.50158313682294
2024-12-27 07:00:00,78.5392309532965,41.11359664452988,27.64845434935059
2024-12-28 07:00:00,84.39953614707564,16.43846153846154,27.1170961734535
2024-12-29 07:00:00,87.76846152773872,7.123168178646197,25.63611813675204
2024-12-30 07:00:00,84.87050829470328,11.08235711750089,26.13114323576685
2024-12-31 07:00:00,78.54904409894604,29.51535240753664,27.61050181950255
2025-01-01 07:00:00,75.44097133751079,46.08874912648498,27.19744914419116
2025-01-02 07:00:00,78.79030694865682,33.32522686025408,26.73925233838964
2025-01-03 07:00:00,78.10442421623938,41.22191011235955,27.36345741789918
2025-01-04 07:00:00,77.29570531955673,45.75453277545328,27.71177767977533
2025-01-05 07:00:00,84.77505021652529,27.46773630973142,26.41818379372124
2025-01-06 07:00:00,85.92510329605028,33.25752274317705,25.45568395362215
2025-01-07 07:00:00,73.35045391327843,41.14141061452514,27.09492825862168
2025-01-08 07:00:00,73.44963151176627,38.08040730337078,28.02216247022143
2025-01-09 07:00:00,71.7601405330095,37.90290088638195,28.48227437442772
2025-01-10 07:00:00,74.01869597292692,39.91701534170154,28.38007374449063
2025-01-11 07:00:00,73.40777543233074,28.92012556679456,28.05222972390949
2025-01-12 07:00:00,76.96469084678948,30.04916317991632,26.64056614429523
2025-01-13 07:00:00,75.7207177172822,30.59232111692845,24.85779851193912
2025-01-14 07:00:00,69.81591178217597,33.31358637814828,26.15236349880653
2025-01-15 07:00:00,75.25466612501127,50.67260034904014,25.85508142072957
2025-01-16 07:00:00,75.41330985512623,49.52131376659678,27.09596386608166
2025-01-17 07:00:00,87.50348073992778,22.81970482648584,25.69340099647441
2025-01-18 07:00:00,85.72202912249672,33.08406725380304,25.32672659833824
2025-01-19 07:00:00,78.30417537487443,40.63530655391121,25.56612043884688
2025-01-20 07:00:00,76.30916682407029,49.68402656413841,26.90181407423168
2025-01-21 07:00:00,77.95734617865537,46.78605790243624,27.26357267322584
2025-01-22 07:00:00,77.77501091096951,43.88808924073408,27.52403190250213
2025-01-23 07:00:00,72.0263578151094,40.57701711491443,28.00513723512864
2025-01-24 07:00:00,71.43595672680597,44.37669280114041,28.68706310105855
2025-01-25 07:00:00,78.00560323001258,41.8087260034904,28.31714622736674
2025-01-26 07:00:00,76.76637952301131,42.70090845562544,28.58686088917021
2025-01-27 07:00:00,75.31471471139696,27.72018188177685,28.54072125377597
2025-01-28 07:00:00,69.65785124979895,28.65836548579446,29.123346726323
2025-01-29 07:00:00,72.19549903545733,25.83647140864714,28.44330430075624
2025-01-30 07:00:00,70.81775742815013,34.60202655485674,27.65120910954003
2025-01-31 07:00:00,68.3619248435157,33.96700143472023,27.17403547985309
2025-02-01 07:00:00,73.12715378061404,39.95467224546722,26.53819646288639
2025-02-02 07:00:00,74.57361219822975,43.73871983210913,26.57826269070681
2025-02-03 07:00:00,66.78304980978818,53.79162303664921,27.4287592351369
2025-02-04 07:00:00,71.84442178906541,33.42454160789845,27.53145534912113
2025-02-05 07:00:00,70.57561824759894,29.34290718038529,27.6768215190155
2025-02-06 07:00:00,70.85385371981036,28.15333566189312,28.15022012724679
2025-02-07 07:00:00,72.05375793849562,27.86436541143654,28.18616429688949
2025-02-08 07:00:00,72.7592740115415,33.92388268156424,28.10489436057676
2025-02-09 07:00:00,69.85065912847126,32.64783226723525,28.23186653138526
2025-02-10 07:00:00,69.59871233197593,32.85669014084507,28.33831328168912
2025-02-11 07:00:00,71.71398857419047,34.03832630098453,28.02981264936426
