timestamp,humidity,pm_10,pm_2_5,pm_2_5_sp,temperature
2023-07-01 07:00:00,67.84407419036671,12.63430725730443,11.08105560791706,8.796418473138548,31.13194104436308
2023-07-02 07:00:00,68.55286536485517,11.35078909612626,9.705164992826399,7.547345767575322,32.24092360080408
2023-07-03 07:00:00,63.1422283090314,13.45720250521921,11.46903270702853,8.78357689631176,35.84160981944807
2023-07-04 07:00:00,61.74103038224669,29.16782729805014,26.18871866295265,25.65738161559889,36.26939332584817
2023-07-05 07:00:00,62.08552662919207,28.74773519163763,25.50871080139373,23.60557491289198,36.17613363764427
2023-07-06 07:00:00,59.11567730610597,34.01815642458101,30.80935754189944,31.71508379888268,36.8793468368786
2023-07-07 07:00:00,58.65470434315113,25.55470383275261,22.41533101045296,20.14634146341463,35.96188875524009
2023-07-08 07:00:00,62.24891545875348,16.60778859527121,14.27468706536857,11.721140472879,34.55581198149828
2023-07-09 07:00:00,63.43199027107255,11.41906096706377,9.937631394533987,7.590749824807288,33.89284329026129
2023-07-10 07:00:00,64.72025779755954,12.17677902621723,10.63595505617977,8.293632958801497,32.75719357465338
2023-07-11 07:00:00,68.4373115465273,11.34247538677918,10.08087201125176,8.40154711673699,33.5682221944541
2023-07-12 07:00:00,65.98456223694828,14.02100840336134,12.28291316526611,9.92436974789916,34.58685950141476
2023-07-13 07:00:00,68.93888193447721,16.53375086986778,14.16214335421016,11.15100904662491,33.53906173546777
2023-07-14 07:00:00,64.2011873247892,22.35813630041725,19.50625869262865,16.78859527121001,35.7589645279631
2023-07-15 07:00:00,60.298649812424,27.63585823488534,24.39888811674774,23.48019457956914,36.3720751902227
2023-07-16 07:00:00,60.53685690367122,24.0383008356546,20.48189415041783,17.6483286908078,35.5632730978113
2023-07-17 07:00:00,57.80328738664535,18.22825330549756,15.27279053583855,12.16492693110647,36.46842430927062
2023-07-18 07:00:00,58.9410132804345,17.60751565762004,14.78357689631176,11.51844119693807,35.42414464134264
2023-07-19 07:00:00,57.86245793373782,10.0938864628821,8.629548762736535,6.564046579330422,36.15946727903999
2023-07-20 07:00:00,70.4582495745803,22.29178272980501,19.67757660167131,17.55710306406685,30.09635463388081
2023-07-21 07:00:00,63.99565906059451,12.70940766550523,10.68571428571429,8.131010452961673,34.99022842035061
2023-07-22 07:00:00,65.87621187467403,29.43184979137691,25.69749652294854,22.98956884561892,33.48824406863917
2023-07-23 07:00:00,65.04575256517671,26.05779944289694,23.06685236768802,21.18941504178273,34.10116955430395
2023-07-24 07:00:00,62.81113053430754,35.03760445682451,31.10097493036212,36.0466573816156,35.16022366069485
2023-07-25 07:00:00,60.48204852345926,29.62674094707521,25.52924791086351,24.9366295264624,35.65512356983918
2023-07-26 07:00:00,61.43129862424974,25.60960334029227,21.7633959638135,18.2839248434238,36.54677612049844
2023-07-27 07:00:00,68.06203263051663,29.70264623955432,25.97701949860724,24.23885793871866,31.68231889730044
2023-07-28 07:00:00,62.25657718581463,23.53862212943633,19.78148921363953,17.31732776617954,36.27098194990377
2023-07-29 07:00:00,61.08526284278227,19.98329853862213,16.7919276270007,13.91092553931802,35.76628555584551
2023-07-30 07:00:00,59.51196170135265,18.59151009046625,15.57828810020877,12.62352122477383,36.06049029961508
2023-07-31 07:00:00,67.14450761800357,31.2625348189415,27.24512534818941,24.99860724233983,32.7472920537327
2023-08-01 07:00:00,69.59136347017441,29.95755045233124,26.45163535142658,24.85316631871956,32.48855877519898
2023-08-02 07:00:00,71.99442233879918,24.65899581589958,21.88075313807531,20.44072524407252,31.96904918277496
2023-08-03 07:00:00,68.95875466549678,36.63769123783032,32.36022253129347,35.28372739916551,34.32710395568932
2023-08-04 07:00:00,65.43043504262351,32.19902574808629,28.6562282533055,29.0883785664579,35.09848704168841
2023-08-05 07:00:00,65.0624734777594,42.63509749303621,38.41852367688022,40.99512534818942,35.12583145524134
2023-08-06 07:00:00,68.57642756052243,43.26425591098748,39.49443671766342,44.2990264255911,33.78596299215219
2023-08-07 07:00:00,65.04165766217598,24.69171885873347,21.14265831593598,19.78566457898399,35.04240732850013
2023-08-08 07:00:00,65.39484907423505,18.87134909596662,16.16063977746871,12.79276773296245,34.33914269459264
2023-08-09 07:00:00,62.5497625532794,19.88588588588589,17.26426426426426,14.82132132132132,34.8970920506997
2023-08-10 07:00:00,67.81006708264516,13.50556328233658,11.61474269819193,8.973574408901252,33.03453278309447
2023-08-11 07:00:00,64.68594630061543,17.28402366863905,15.20414201183432,13.06213017751479,34.4650638078598
2023-08-12 07:00:00,61.41878453696646,17.11200585651537,15.26793557833089,13.86530014641288,36.02831393251851
2023-08-13 07:00:00,62.47097750712204,12.60480349344978,10.96724890829694,9.788937409024745,34.70227777086867
2023-08-14 07:00:00,62.34846619842444,10.18029197080292,8.862773722627738,6.686861313868613,34.95302184378536
2023-08-15 07:00:00,68.75623111525479,15.58856739590685,13.49964714184898,10.73253352152435,31.67280839129192
2023-08-16 07:00:00,70.46090844777531,10.64244186046512,9.186046511627907,7.101744186046512,32.18459159198036
2023-08-17 07:00:00,69.05889909579561,11.20565371024735,9.728621908127208,7.631095406360424,32.35981168189089
2023-08-18 07:00:00,64.42904200441151,21.3500347947112,18.78775226165623,16.8580375782881,35.04173862420136
2023-08-19 07:00:00,62.1998118089781,15.03977669225401,13.32588974180042,11.831123517097,35.44294081779102
2023-08-20 07:00:00,60.47147238868003,20.92280945757997,17.68497913769124,14.40333796940195,35.90022186576408
2023-08-21 07:00:00,61.46842940615214,20.60751565762004,17.54836464857342,14.65553235908142,34.74668180270583
2023-08-22 07:00:00,60.6177811168015,22.34794711203897,19.27974947807933,16.62978427279054,35.64661332610256
2023-08-23 07:00:00,65.71949823321074,24.92896935933148,21.9066852367688,19.52019498607242,32.98617200931135
2023-08-24 07:00:00,61.4154263127149,25.64972144846797,22.25,18.86977715877437,35.75711497357297
2023-08-25 07:00:00,60.88396478262995,17.57093184979138,15.23783031988873,12.12726008344923,35.53880057513962
2023-08-26 07:00:00,67.50159850946797,11.68058455114823,10.2178148921364,7.579679888656925,33.38718677114594
2023-08-27 07:00:00,76.30648737104357,19.75340501792115,17.58853046594982,16.05878136200717,32.68096389872483
2023-08-28 07:00:00,84.48974671362159,16.07352941176471,13.9796918767507,11.27731092436975,28.24985633764739
2023-08-29 07:00:00,77.75298793249713,26.29770444763271,22.95337159253945,24.87589670014347,29.43028707285245
2023-08-30 07:00:00,84.807491987948,18.70900209351012,16.39288206559665,14.47034193998604,28.05912591271758
2023-08-31 07:00:00,88.41762188409588,23.31963788300836,20.53203342618384,18.10236768802228,27.6175156823667
2023-09-01 07:00:00,82.4762237228706,15.84485190409027,13.81382228490832,11.29760225669958,28.78746612737228
2023-09-02 07:00:00,91.53387840003681,13.7507204610951,12.12536023054755,10.18443804034582,26.61461683688118
2023-09-03 07:00:00,89.28020712658073,13.24070175438596,11.52350877192982,9.19719298245614,27.34718922800372
2023-09-04 07:00:00,87.73071840763536,11.70817704426107,10.32033008252063,8.388597149287321,27.69933926199049
2023-09-05 07:00:00,95.79528543043267,18.78932384341637,16.48967971530249,13.84555160142349,25.68589891334271
2023-09-06 07:00:00,93.89551078189584,7.88122332859175,6.872688477951636,5.003556187766714,25.63375001872727
2023-09-07 07:00:00,82.50750491697396,17.47272727272727,15.32097902097902,13.00629370629371,28.6339730902661
2023-09-08 07:00:00,86.63190667872037,37.25644599303136,33.91567944250871,35.85226480836237,28.66367064509432
2023-09-09 07:00:00,86.2541842948734,19.95317959468903,17.21593291404612,14.51781970649895,27.94291906799776
2023-09-10 07:00:00,82.69924030345192,16.74459176552687,14.51081646894627,11.60572226099093,28.410666109659
2023-09-11 07:00:00,90.75110650473407,8.832229580573951,7.634289919058131,5.595290654893303,25.18127518913304
2023-09-12 07:00:00,80.75895547193338,26.18758716875872,23.17573221757322,21.25244072524407,28.63362400169451
2023-09-13 07:00:00,87.70880383096491,48.09979064898814,44.63782274947662,50.08513607815771,28.32270119071092
2023-09-14 07:00:00,80.19774495592094,44.82821229050279,40.59427374301676,45.19413407821229,28.90870448660124
2023-09-15 07:00:00,83.44512656348473,46.49617258176757,42.57063326374391,46.16353514265832,28.90833533375391
2023-09-16 07:00:00,80.25419808894381,39.06153846153846,34.31818181818182,35.18181818181818,28.96398713109482
2023-09-17 07:00:00,83.48805938943369,31.06685236768802,26.60515320334262,27.49930362116991,28.66274601379351
2023-09-18 07:00:00,81.64252600898143,31.34335664335664,27.9048951048951,27.77972027972028,28.68169954900581
2023-09-19 07:00:00,80.88462249472256,34.84481558803062,30.78983994432846,29.19972164231037,28.45621926097949
2023-09-20 07:00:00,85.16810476554592,21.60975609756098,18.85226480836237,16.02020905923345,28.77746935621845
2023-09-21 07:00:00,81.69765159814253,20.22035087719298,17.79228070175439,17.43087719298246,28.75177879301993
2023-09-22 07:00:00,92.08977533491156,24.45847871598046,21.61270062805303,19.33496161898116,26.55793463803305
2023-09-23 07:00:00,86.44838539941757,19.77405857740586,17.28451882845188,14.46373779637378,27.92952265900816
2023-09-24 07:00:00,93.2569765679981,23.08838568298028,20.36449963476991,19.09642074506939,26.63911347326756
2023-09-25 07:00:00,93.33490242143401,18.66057059253841,16.31748354059985,13.7373811265545,26.44944086774469
2023-09-26 07:00:00,95.65209612625405,17.1017793594306,15.16085409252669,13.45551601423488,25.97024359186852
2023-09-27 07:00:00,95.99850195748786,10.57800143781452,9.138749101365924,6.97411933860532,25.72992089499747
2023-09-28 07:00:00,90.9115357404681,27.3091037402964,23.94918842625265,22.36132674664785,26.34380458350481
2023-09-29 07:00:00,84.96519629423446,58.70448179271709,52.3781512605042,67.27941176470588,28.98895297213416
2023-10-01 07:00:00,80.81353671687548,62.34655532359081,54.45233124565066,71.7759220598469,29.45056775082709
2023-10-02 07:00:00,76.71436805862196,50.61635220125786,46.78965758211042,58.6240391334731,30.23307728224098
2023-10-03 07:00:00,84.55710199122792,37.80013927576601,33.17130919220056,32.87883008356546,28.81204180673843
2023-10-04 07:00:00,79.68804498316977,17.80600139567341,15.40055826936497,12.75645498953245,29.36834107755371
2023-10-05 07:00:00,90.2856743038869,22.48710801393728,19.47247386759582,16.63066202090592,27.41712173908181
2023-10-06 07:00:00,83.03856184997315,18.07810320781032,15.60041841004184,12.34100418410042,28.9064479170796
2023-10-07 07:00:00,91.51446984934944,17.37839721254355,14.87456445993031,11.80278745644599,27.57153896393377
2023-10-08 07:00:00,93.15085413331414,26.04175365344468,22.33263743910926,18.82602644398051,26.7858800332723
2023-10-09 07:00:00,92.94930349810951,46.98465829846583,43.79497907949791,52.42259414225941,27.2522288081808
2023-10-10 07:00:00,87.20954799588363,48.56114605171209,45.85464709993012,54.22711390635919,28.1857296364554
2023-10-11 07:00:00,91.72029830325198,38.8705636743215,34.05288796102992,32.67084203201114,27.05685165149158
2023-10-12 07:00:00,91.35282929118432,24.91980474198047,21.87935843793584,19.36750348675035,27.6389336341236
2023-10-13 07:00:00,92.21040319705752,24.65947075208913,21.73607242339833,19.50069637883009,26.97192600490896
2023-10-14 07:00:00,92.66056337646799,19.10570236439499,16.52642559109875,13.29346314325452,27.59423839721017
2023-10-15 07:00:00,83.33655149306324,24.33030726256983,21.06564245810056,17.58659217877095,29.4155086082758
2023-10-16 07:00:00,90.88335969563799,11.14494773519164,9.676655052264808,7.256445993031359,26.96246475080693
2023-10-17 07:00:00,86.25762059385764,13.86513629842181,12.06599713055954,9.59684361549498,28.66455887431284
2023-10-18 07:00:00,89.2691773626541,24.38010021474588,21.1932712956335,18.65998568360773,27.13815899900818
2023-10-19 07:00:00,86.53506483076538,28.14046121593291,24.51013277428372,22.00139762403913,28.19527556588883
2023-10-20 07:00:00,91.60993077618357,21.79149232914923,18.83193863319386,17.13179916317992,27.14555304810693
2023-10-21 07:00:00,88.91830842538099,26.40572625698324,23.36731843575419,21.7304469273743,27.86396987463593
2023-10-22 07:00:00,89.62103707643969,17.86401673640167,15.48186889818689,12.33403068340307,27.78531893486912
2023-10-23 07:00:00,89.6704353902272,22.36256089074461,19.81767571329158,19.09116214335421,27.31920233224114
2023-10-24 07:00:00,86.85402524508527,24.69155617585485,21.64340544312631,21.03419399860433,27.80096527995896
2023-10-25 07:00:00,83.76705118334776,22.99428571428571,20.19428571428572,18.15642857142857,28.57736894981109
2023-10-26 07:00:00,92.34010208850012,21.82578397212544,18.80696864111498,15.43484320557491,26.99402547532572
2023-10-27 07:00:00,91.43539956686547,22.49547038327526,19.9205574912892,19.8822299651568,27.31236547126297
2023-10-28 07:00:00,82.95821581811504,16.17839721254355,14.1602787456446,11.51358885017422,29.13599691052693
2023-10-29 07:00:00,91.54995749500488,19.05849582172702,16.63718662952646,13.73189415041783,27.12623927678621
2023-10-30 07:00:00,90.44460232332182,13.97979094076655,12.25017421602787,9.99581881533101,27.64292879834781
2023-10-31 07:00:00,91.46956296319136,9.636871508379889,8.277234636871508,6.226955307262569,27.86105329524859
2023-11-01 07:00:00,92.07268067538834,18.10188415910677,15.60083740404745,12.85136078157711,27.72365580323613
2023-11-02 07:00:00,96.54906550204028,10.5536959553696,9.023012552301255,6.739888423988843,26.22901260232292
2023-11-03 07:00:00,95.34033769258262,13.98397212543554,12.05574912891986,9.303832752613241,26.37837365109555
2023-11-04 07:00:00,89.29839498170523,20.25157232704403,17.85604472396925,15.80992313067785,28.07941853402687
2023-11-05 07:00:00,89.13748761800605,29.43523676880223,26.35724233983287,25.68941504178273,28.11276209684501
2023-11-06 07:00:00,93.71479788998674,12.07697740112994,10.31426553672316,7.923022598870056,27.19095793578515
2023-11-07 07:00:00,88.63494567139114,11.32588974180042,10.0648988136776,8.554082344731333,28.66563375644662
2023-11-08 07:00:00,90.53038184822587,25.9937194696441,22.91695743196092,21.36566643405443,27.74551528975857
2023-11-09 07:00:00,95.00411459311732,26.76203768318214,23.22749476622471,20.52477320307048,27.20901886733177
2023-11-10 07:00:00,93.19901499278923,30.57611731843575,26.9141061452514,24.87709497206704,27.24453948431975
2023-11-11 07:00:00,90.05023209958838,27.41456582633053,24.01540616246499,21.41526610644258,27.73782735119083
2023-11-12 07:00:00,94.62990441695153,16.58082575227432,14.87123862841148,13.95731280615815,26.8802077636297
2023-11-13 07:00:00,91.58622200707183,11.92275574112735,10.32011134307585,7.908141962421712,27.61512783152553
2023-11-14 07:00:00,92.55251854199939,9.702247191011235,8.450842696629213,6.627808988764045,27.22310126531764
2023-11-15 07:00:00,93.43053128104815,12.35224089635854,10.5609243697479,8.188375350140056,27.29329069107087
2023-11-16 07:00:00,95.60868424431554,15.50766016713092,13.31963788300836,10.67757660167131,26.6831380364616
2023-11-17 07:00:00,99.92291515610354,11.73044096728307,10.05049786628734,7.637980085348507,25.08122486729722
2023-11-18 07:00:00,97.18860513866228,10.73093220338983,9.084745762711865,6.971751412429379,26.3166183286463
2023-11-19 07:00:00,97.62635105033829,4.804623415361671,3.980611483967189,2.652498135719612,25.5039416561161
2023-11-20 07:00:00,91.99821730481327,17.8705636743215,14.77035490605428,11.49060542797495,26.83142553114499
2023-11-21 07:00:00,92.48871482379882,25.98675034867503,21.83403068340307,18.11087866108787,27.22964084716561
2023-11-22 07:00:00,96.98346266310735,23.78427279053584,20.38900487125957,17.40153096729297,25.7472978461189
2023-11-23 07:00:00,98.39773640376512,23.10621942697414,19.68763102725367,16.22921034241789,25.53851494215926
2023-11-24 07:00:00,95.99701990235297,22.42329149232915,19.24267782426778,16.06903765690377,26.27153720240241
2023-11-25 07:00:00,96.41116713189629,18.33054393305439,15.6234309623431,12.37866108786611,25.92036127865489
2023-11-26 07:00:00,98.56760280288165,14.35531739488871,12.25803792250618,9.652926628194558,25.03803202366435
2023-11-27 07:00:00,99.49585858605306,9.88691983122363,8.460759493670887,6.440506329113924,24.23397428705214
2023-11-28 07:00:00,93.38343602314562,3.68030888030888,3.074903474903475,1.938996138996139,26.10641741895026
2023-11-29 07:00:00,94.96117941910383,12.24616457461646,10.13249651324965,7.458856345885635,26.34141648872018
2023-11-30 07:00:00,99.43588443969529,10.54066130473637,8.853440571939231,6.749776586237712,25.15879287235795
2023-12-01 07:00:00,93.97793245151533,11.0812894183602,9.32095304835319,6.897687456201822,26.55464681141011
2023-12-02 07:00:00,95.31272831845044,11.68008948545861,9.432513049962715,6.975391498881431,26.32038125146389
2023-12-03 07:00:00,97.53561231188105,12.85435540069686,10.71289198606272,8.082926829268292,25.62638018863939
2023-12-04 07:00:00,93.38063640769613,6.616855524079321,5.473087818696884,3.825070821529745,26.96259777340736
2023-12-05 07:00:00,89.94864408703594,6.005792903692976,5.030412744388125,3.485155684286749,28.16719421943597
2023-12-06 07:00:00,91.4990787045857,12.73361227336123,10.70013947001395,8.146443514644352,27.80468814267438
2023-12-07 07:00:00,87.78722022357387,15.96450939457202,13.29366736256089,10.33681280445372,28.19262672896813
2023-12-08 07:00:00,94.51158948358469,14.50698324022346,12.28002793296089,9.387569832402235,26.30843251697565
2023-12-09 07:00:00,86.2915318542715,16.50382741823243,13.5615866388309,10.5205288796103,28.244036978937
2023-12-10 07:00:00,84.40455497764947,19.2006968641115,16.14982578397213,13.15121951219512,28.44564931128506
2023-12-11 07:00:00,88.57519139853429,30.87071977638015,26.88539482879106,25.29909154437456,28.10200846073169
2023-12-12 07:00:00,86.46335473483033,32.90522648083623,28.50383275261324,26.51080139372822,28.30599119992081
2023-12-13 07:00:00,85.23914196819682,31.14545454545454,26.96643356643357,24.46293706293706,27.95887629440372
2023-12-14 07:00:00,93.9959342192804,24.04867872044506,20.24826147426982,16.82753824756606,26.51554280572424
2023-12-15 07:00:00,92.71083303406077,21.17400419287212,17.70090845562544,14.32704402515723,27.13941263137977
2023-12-16 07:00:00,94.08716902994776,22.09274755927476,18.33682008368201,14.77545327754533,26.65406628924599
2023-12-17 07:00:00,85.9698680265575,18.09002093510119,15.00907187718074,11.64619678995115,28.14919340361459
2023-12-18 07:00:00,86.0146678279709,16.60223307745987,13.61549197487788,10.35519888346127,28.40764072361415
2023-12-19 07:00:00,86.01568019658237,15.70719776380154,12.54157931516422,9.489168413696715,28.15072716836741
2023-12-20 07:00:00,90.95069357905994,19.45397489539749,16.4163179916318,13.21199442119944,27.32956296337881
2023-12-21 07:00:00,93.96134594831292,21.32588974180042,18.26936496859735,14.97138869504536,26.45062434831258
2023-12-22 07:00:00,87.19577096154902,14.62648083623693,12.32613240418118,9.218815331010452,27.67747387158707
2023-12-23 07:00:00,84.54442747572824,13.33914863921842,11.15073272854152,8.235170969993021,27.92468251510567
2023-12-24 07:00:00,91.30509655605594,18.30774598743894,15.52407536636427,12.37124912770412,26.30594226704186
2023-12-25 07:00:00,93.18022495010705,17.26947368421053,13.95578947368421,10.70526315789474,26.14292154051873
2023-12-26 07:00:00,92.50663474828309,16.20891364902507,13.41434540389972,10.2033426183844,25.91463119933682
2023-12-27 07:00:00,89.59093183607371,28.97142857142857,24.76445993031359,21.2418118466899,26.50033376446461
2023-12-28 07:00:00,86.97005940546666,29.76762037683182,25.46615491974878,21.77180739706909,27.56162587870274
2023-12-29 07:00:00,87.77200052771227,18.14654570830426,14.87927424982554,11.57711095603629,27.79464282329704
2023-12-30 07:00:00,90.45771954503418,20.82299651567944,16.68780487804878,13.12682926829268,27.5308318227381
2023-12-31 07:00:00,86.93401153097516,20.56685236768802,16.78133704735376,13.26183844011142,28.07821003172303
2024-01-01 07:00:00,85.84623849893944,14.03349616189812,11.78785764131193,9.524773203070481,27.97213279748442
2024-01-02 07:00:00,85.75446948014974,18.1100278551532,15.01810584958217,11.61072423398329,27.87594192050728
2024-01-03 07:00:00,84.4473965423693,12.92130919220056,10.75696378830084,7.927576601671309,28.01946790674129
2024-01-04 07:00:00,84.36320585230389,18.20083682008368,15.01324965132497,11.61366806136681,28.17471721260292
2024-01-05 07:00:00,82.98828617172165,25.46341463414634,20.77351916376307,17.06062717770035,28.21769853805685
2024-01-06 07:00:00,83.35007355283922,29.9297635605007,24.78859527121001,21.52433936022253,27.74980911621963
2024-01-07 07:00:00,86.12967620110282,27.5219512195122,23.16655052264808,19.85644599303136,27.90337221718123
2024-01-08 07:00:00,89.83622648766513,25.13049546406141,20.4996510816469,16.77878576413119,27.20504785849666
2024-01-09 07:00:00,88.2983870363179,21.9192200557103,17.77228412256267,14.17339832869081,27.62179918755009
2024-01-10 07:00:00,88.7856003142891,19.11142061281337,15.5974930362117,12.18314763231198,27.69249758904257
2024-01-11 07:00:00,86.59608540206776,23.18441196938065,19.35490605427975,15.87543493389005,27.8940797013992
2024-01-12 07:00:00,85.5303078718559,23.7334263782275,19.75226796929519,16.13747383112352,27.65856443570471
2024-01-13 07:00:00,85.60855742099587,30.7696590118302,26.107167710508,23.29436325678497,27.23784322970158
2024-01-14 07:00:00,82.62584537801142,29.54526462395543,24.77089136490251,21.15529247910863,27.49110395831158
2024-01-15 07:00:00,81.16042215204493,28.76778242677824,24.02719665271967,20.41004184100418,27.59857242780105
2024-01-16 07:00:00,82.76167142260796,28.84261838440111,24.46657381615599,21.47284122562674,28.13057062038137
2024-01-17 07:00:00,83.47168506401044,22.14146341463415,18.39721254355401,15.61602787456446,28.28937329450751
2024-01-18 07:00:00,81.89871720539769,17.6972860125261,14.08002783576896,10.76757132915797,28.09645246349461
2024-01-19 07:00:00,83.74729385618576,24.41213389121339,20.0557880055788,16.4002789400279,27.93755298604718
2024-01-20 07:00:00,84.76223808429319,30.59610027855153,26.20473537604457,23.9658774373259,27.8389022374273
2024-01-21 07:00:00,83.15683524461684,36.41608391608391,31.75104895104895,29.95734265734266,27.83847996279622
2024-01-22 07:00:00,84.2145508049453,34.78172942817294,29.92887029288703,27.08437935843794,27.74339824708917
2024-01-23 07:00:00,90.02753047669518,12.57512229210342,10.87351502445842,8.964360587002096,26.24770871914385
2024-01-24 07:00:00,86.64476660663956,16.37150837988827,13.62430167597765,10.57541899441341,27.12480606546653
2024-01-25 07:00:00,90.76561896941843,20.20949720670391,16.27094972067039,12.80865921787709,26.68107806590297
2024-01-26 07:00:00,89.60973436338111,18.09394572025052,14.09672929714683,10.8232428670842,26.5602350155024
2024-01-27 07:00:00,84.94739147890151,25.39758179231863,20.26386913229019,16.70625889046942,27.38915043330628
2024-01-28 07:00:00,83.31537911881114,23.51219512195122,18.94425087108014,15.27247386759582,27.16743193376805
2024-01-29 07:00:00,82.67241611278169,23.38649025069638,19.02367688022284,15.4491643454039,27.31369383810771
2024-01-30 07:00:00,84.16946191212547,22.91852367688022,18.61977715877437,15.03133704735376,27.05918267468321
2024-01-31 07:00:00,82.38295047956883,28.63433356594557,23.87787857641312,20.61409630146546,27.5449900157906
2024-02-01 07:00:00,83.2176921867955,25.70543175487465,21.57520891364902,18.07938718662952,27.59205616809784
2024-02-02 07:00:00,83.24425011805724,34.09970887918486,29.53566229985444,26.99854439592431,27.5584517853834
2024-02-03 07:00:00,83.55676467874802,24.3558495821727,20.84192200557103,18.02506963788301,27.64524747973418
2024-02-04 07:00:00,83.3261508156908,25.92956764295677,22.31101813110181,18.89748953974895,27.74235077503563
2024-02-05 07:00:00,82.47556593254181,42.72980501392757,38.12256267409471,40.82660167130919,28.06230647564591
2024-02-06 07:00:00,82.79112103319196,33.69193324061196,29.79624478442281,28.75799721835883,27.82855464197875
2024-02-07 07:00:00,83.88029260052974,31.39748953974895,27.47071129707113,24.97350069735007,28.03631966660586
2024-02-08 07:00:00,81.34854807539615,36.06889352818371,31.84759916492693,30.72790535838552,28.15784762629562
2024-02-09 07:00:00,81.79316854656746,31.67946927374302,27.89106145251397,26.36731843575419,28.45109993005387
2024-02-10 07:00:00,80.60824784231887,37.63458856345886,33.06136680613668,31.45327754532775,28.0163290448236
2024-02-11 07:00:00,78.79293293873287,33.42707606420097,28.56664340544313,25.57850662944871,28.43631265735871
2024-02-12 07:00:00,77.1220461050176,31.33658536585366,25.89547038327526,22.56724738675958,28.01502619944261
2024-02-13 07:00:00,77.27192329826805,31.66201117318436,26.2304469273743,22.75,28.12529643106
2024-02-14 07:00:00,82.4283185914386,26.6203007518797,21.90413533834586,18.23308270676692,27.67204507713163
2024-02-15 07:00:00,85.07794642975128,29.65550906555091,24.52859135285913,20.87796373779637,27.79598029732074
2024-02-16 07:00:00,81.01166846976386,29.33356545961003,24.59679665738162,21.30222841225627,28.47161351068276
2024-02-17 07:00:00,80.37121564127575,28.65899581589958,24.0697350069735,20.57810320781032,28.3480784428888
2024-02-18 07:00:00,78.31726163513763,27.76220362622036,23.18619246861925,19.72873082287308,28.17203992314998
2024-02-19 07:00:00,82.49571116305297,29.298392732355,24.58280922431866,20.91544374563242,28.24376073917739
2024-02-20 07:00:00,83.07656406040012,23.36515679442509,19.7595818815331,16.22090592334495,28.72075004272951
2024-02-21 07:00:00,82.3034543544499,19.06834030683403,16.19107391910739,12.78382147838215,28.78093315854818
2024-02-22 07:00:00,80.23197717045859,17.6692200557103,15.13857938718663,12.02437325905293,28.63295535575432
2024-02-23 07:00:00,80.12672060473724,9.601398601398602,8.39090909090909,6.095104895104895,28.38342645730096
2024-02-24 07:00:00,78.7319122239387,8.28133704735376,7.146239554317549,5.117688022284122,28.72545149026681
2024-02-25 07:00:00,77.75814514139022,10.17770034843206,8.76376306620209,6.377700348432056,28.81430831779497
2024-02-26 07:00:00,78.70756769852447,27.60671798460462,23.6445066480056,20.57102869139258,28.98648706530191
2024-02-27 07:00:00,79.99238143177642,27.72994440031771,23.34074662430501,19.86020651310564,28.72598854600674
2024-02-28 07:00:00,78.05396646454577,23.64947735191638,19.96933797909408,16.50731707317073,28.9952222650107
2024-02-29 07:00:00,76.45023301908793,29.06332637439109,24.88726513569937,21.73625608907446,28.83002733597948
2024-03-01 07:00:00,77.29198981380247,29.5457083042568,25.6168876482903,23.66154919748779,29.01734689358859
2024-03-02 07:00:00,79.95302672076362,27.64529616724739,23.50522648083624,20.26898954703833,28.9481716186029
2024-03-03 07:00:00,81.60879045486874,33.72594142259414,28.75801952580195,25.79009762900976,28.92051707717545
2024-03-04 07:00:00,78.24328055979848,26.81533101045296,22.4794425087108,19.21951219512195,29.14631163192681
2024-03-05 07:00:00,80.33980509796253,33.73031358885017,28.95540069686411,26.48850174216028,29.12427122719618
2024-03-06 07:00:00,79.90096457292626,36.76847977684798,32.2489539748954,31.55230125523013,29.02547234942515
2024-03-07 07:00:00,79.63033578918211,39.85146443514645,35.1415620641562,34.93933054393305,29.39773785000381
2024-03-08 07:00:00,78.75333727303203,41.7160751565762,36.84759916492693,38.49826026443981,29.30684943997527
2024-03-09 07:00:00,78.46043128900807,34.79581881533101,30.40348432055749,27.97142857142857,28.81951043900371
2024-03-10 07:00:00,85.302833047426,20.18001417434444,17.40609496810772,15.27781715095677,27.75005796567466
2024-03-11 07:00:00,77.93799573173622,45.29497907949791,40.58647140864714,41.94839609483961,28.5743440432061
2024-03-12 07:00:00,75.88952995805266,38.2443661971831,33.59788732394366,32.64295774647887,28.68113121256609
2024-03-13 07:00:00,77.64590173755057,36.63414634146341,32.30376940133038,31.20694752402069,28.67506299998021
2024-03-14 07:00:00,74.96188114244185,31.56376306620209,27.35052264808362,25.04320557491289,29.33800919065904
2024-03-15 07:00:00,76.5957136049472,24.09706703910615,20.47276536312849,17.34357541899441,29.63915741434749
2024-03-16 07:00:00,75.1277809700788,33.99721059972106,29.26220362622036,26.25662482566248,29.49778685493955
2024-03-17 07:00:00,74.80578174142956,23.20905923344948,20.08432055749129,17.44390243902439,29.47631044842343
2024-03-18 07:00:00,76.90016538040116,31.34561891515995,27.15716272600834,24.15716272600834,29.2321638413319
2024-03-19 07:00:00,76.8626330128081,27.17132867132867,23.54755244755245,20.57762237762238,28.96109509306716
2024-03-20 07:00:00,74.78507859194356,24.42409470752089,20.95473537604457,17.68732590529248,28.8562641370741
2024-03-21 07:00:00,75.00987207461789,29.82414515003489,25.51011863224005,22.46824842986741,29.04270200972212
2024-03-22 07:00:00,75.16672653676481,37.29965156794425,32.30801393728223,30.25365853658537,28.90595389890639
2024-03-23 07:00:00,76.84172793849758,33.12044817927171,28.07492997198879,24.87745098039216,29.34335191526437
2024-03-24 07:00:00,76.85174885791571,37.7986013986014,33.03146853146853,30.94965034965035,29.82685360307
2024-03-25 07:00:00,76.4181637654587,26.47771587743733,22.71796657381616,19.05988857938719,29.927420648434
2024-03-26 07:00:00,75.33724552080358,21.81267409470752,18.68105849582173,15.20821727019499,28.86341740543277
2024-03-27 07:00:00,79.98394731769562,24.053583855254,20.4321503131524,16.70146137787057,29.55028570287034
2024-03-28 07:00:00,79.50742197230046,19.508356545961,16.63022284122563,13.43454038997215,29.86144026558138
2024-03-29 07:00:00,80.23509861475661,25.62648083623693,21.74982578397212,18.2404181184669,29.87079420546893
2024-03-30 07:00:00,77.54540321965356,20.24128312412831,17.15550906555091,13.6094839609484,30.51400290028122
2024-03-31 07:00:00,81.71164686640873,32.23623693379791,28.35609756097561,26.55331010452962,29.16196296402185
2024-04-01 07:00:00,78.39977774254274,32.01464435146443,28.918410041841,29.25383542538354,30.15535045561824
2024-04-02 07:00:00,78.81658885259577,31.32192737430168,27.92178770949721,26.59008379888268,30.18562237081528
2024-04-03 07:00:00,73.53111002158595,26.52540013917885,23.01600556715379,20.81628392484343,31.07896658061683
2024-04-04 07:00:00,77.07690072524065,26.46820405310971,23.0251572327044,19.67295597484277,30.58062431045824
2024-04-05 07:00:00,76.03120914363427,33.77591036414566,29.77450980392157,27.57002801120448,30.57505819175242
2024-04-06 07:00:00,72.63762824682752,36.95955369595537,32.7747559274756,31.557880055788,30.40595084259714
2024-04-07 07:00:00,71.92040396578662,37.60335195530726,33.00628491620112,31.10265363128492,30.20464206354947
2024-04-08 07:00:00,73.17164378959679,29.3884239888424,26.07252440725244,24.47350069735007,29.85019793809133
2024-04-09 07:00:00,77.62550300427974,19.76933797909408,17.25505226480836,14.44808362369338,30.48599292117773
2024-04-10 07:00:00,78.73138139839624,15.25139664804469,13.23533519553073,10.29469273743017,30.59474881520541
2024-04-11 07:00:00,78.15978731992327,17.96445993031359,15.4006968641115,12.33379790940767,30.04102700250159
2024-04-12 07:00:00,74.26240512958694,29.86829268292683,25.70313588850174,22.62369337979094,30.37890597817703
2024-04-13 07:00:00,76.00224921808127,34.09958217270195,30.11281337047354,28.99373259052925,30.4050220724514
2024-04-14 07:00:00,76.2052324602308,36.34982578397212,32.06411149825784,30.7184668989547,30.04203644904352
2024-04-15 07:00:00,77.07628053147796,37.35724233983287,32.84958217270195,31.02506963788301,30.36574441627801
2024-04-16 07:00:00,76.56359037539326,26.72752613240418,23.00975609756097,19.64320557491289,30.39988898848448
2024-04-17 07:00:00,75.47644134266402,16.41225626740947,14.22632311977716,10.95264623955432,30.41331911891017
2024-04-18 07:00:00,75.54243846008696,21.85953878406709,19.31236897274633,17.08455625436758,30.65588474651325
2024-04-19 07:00:00,72.34449675299489,32.38830897703549,29.10508002783577,30.27905358385526,30.91548332208038
2024-04-20 07:00:00,75.88267049956228,34.87656903765691,30.69177126917713,28.65271966527197,30.49847895295361
2024-04-21 07:00:00,80.50875193658315,38.18156424581006,33.68784916201118,32.16759776536313,29.75259081243276
2024-04-22 07:00:00,78.94839206722929,37.860529986053,34.01324965132496,34.47838214783822,30.70718924014871
2024-04-23 07:00:00,77.89426327235832,44.77646239554318,39.72701949860724,44.92896935933148,31.02916873686937
2024-04-24 07:00:00,76.95622336006856,39.23430962343096,34.97350069735007,35.21059972105997,30.93370427161915
2024-04-25 07:00:00,75.52562663219325,42.59372822299652,38.30522648083624,39.86968641114983,31.21142597584214
2024-04-26 07:00:00,78.65909802095616,38.37158852344297,34.39748075577327,35.99300209937019,30.91755800870933
2024-04-27 07:00:00,83.82472288907135,43.96722454672246,38.85913528591353,42.56834030683403,29.72983309924968
2024-04-28 07:00:00,73.52320657111194,22.08704735376045,19.60933147632312,18.19428969359332,31.57114817111889
2024-04-29 07:00:00,85.96587802741446,33.87430167597766,29.73254189944134,28.49930167597766,28.97449518069231
2024-04-30 07:00:00,80.29646854660997,28.63022284122563,25.11350974930362,22.28064066852368,31.14000580587177
2024-05-01 07:00:00,74.37671366552118,27.21687587168759,23.73849372384937,20.38214783821478,31.63099566184945
2024-05-02 07:00:00,73.38827378170629,25.99304105775922,22.58246346555324,19.20598469032707,31.72952544229374
2024-05-03 07:00:00,78.17842197418497,29.14295676429568,25.29497907949791,21.88423988842399,31.47594927206369
2024-05-04 07:00:00,80.64228074919025,34.75191637630662,30.54285714285714,28.41533101045296,30.17356435109414
2024-05-05 07:00:00,82.60137405891597,28.6652719665272,24.81101813110181,21.51324965132497,29.66836279231565
2024-05-06 07:00:00,90.4369665619341,31.43265875785066,28.03489183531054,27.97766922540126,27.7375409115185
2024-05-07 07:00:00,78.77417290529202,35.9874213836478,31.67505241090147,29.58770090845563,30.27017260911274
2024-05-08 07:00:00,81.82914594657731,36.01393728222997,31.7219512195122,29.97491289198606,30.14613166745727
2024-05-09 07:00:00,74.731515272022,19.58954703832753,17.36515679442509,15.35052264808362,30.96741554152693
2024-05-10 07:00:00,78.47499986891779,14.58630328441649,12.74912648497554,10.11041229909154,30.89544769124901
2024-05-11 07:00:00,80.6828142514086,28.11835577604536,24.75690999291283,22.75974486180014,29.66710139771133
2024-05-12 07:00:00,82.10453969802427,26.07347795661302,22.44366689993002,22.08117564730581,29.85647352776235
2024-05-13 07:00:00,76.97138207282752,24.94417306350314,22.21284019539428,21.3831123517097,30.77423179927844
2024-05-14 07:00:00,80.81147595414755,37.0883785664579,32.58176757132916,31.34585942936674,29.93807405091675
2024-05-15 07:00:00,79.0212647971793,16.88111888111888,14.81608391608392,12.51818181818182,30.83466643499528
2024-05-16 07:00:00,72.52436095113178,17.97217537942664,15.63490725126475,13.18802698145025,32.37470870604523
2024-05-17 07:00:00,89.71861097261608,23.86300246103363,21.02707136997539,18.50533223954061,27.42356082629174
2024-05-18 07:00:00,85.07833464694983,32.08983286908078,28.53133704735376,27.23189415041783,29.08199165137838
2024-05-19 07:00:00,77.63846184377289,44.94777158774373,40.79944289693594,44.32242339832869,30.97059661498713
2024-05-20 07:00:00,79.6120103441229,46.59065550906555,42.87656903765691,47.54811715481171,30.31221268622271
2024-05-21 07:00:00,79.88479651880866,43.2791346824843,38.99930216329379,40.01325889741801,30.26242169747543
2024-05-22 07:00:00,81.27774707973381,28.05446927374302,24.65502793296089,22.66550279329609,29.71703071517062
2024-05-23 07:00:00,85.66511845627691,25.08595387840671,22.16561844863732,20.68623340321454,28.58229905010196
2024-05-24 07:00:00,78.20867467946218,15.86243016759776,13.68715083798883,10.75418994413408,29.70276526676314
2024-05-25 07:00:00,77.67025434955423,17.81393728222996,15.31358885017422,12.25087108013937,30.68209326056143
2024-05-26 07:00:00,75.90537834541628,28.98602375960867,25.38294898672257,22.74353598881901,30.28034079266397
2024-05-27 07:00:00,73.83189754473791,21.68619246861925,19.17015341701534,17.16457461645746,31.61398062531047
2024-05-28 07:00:00,76.12196710956188,30.51046025104603,27.04672245467225,26.61366806136681,30.60323285075608
2024-05-29 07:00:00,75.55734800326118,32.35281837160752,28.55254001391788,26.27696590118302,31.58001626388434
2024-05-30 07:00:00,86.32290254960552,47.70083682008368,43.07252440725244,50.28312412831242,29.60261441640611
2024-05-31 07:00:00,84.05398100257106,40.58675958188153,35.99094076655052,36.87108013937282,30.07859483921964
2024-06-01 07:00:00,90.27101856956851,35.22175732217573,31.11297071129707,29.84239888423989,27.34665680001889
2024-06-02 07:00:00,85.81328476872565,31.64225941422594,27.80822873082287,26.1652719665272,28.45370000379345
2024-06-03 07:00:00,90.37051083461716,21.31707317073171,18.60114777618364,15.77618364418938,27.30112502995163
2024-06-04 07:00:00,85.52110100017161,27.61123110151188,23.93952483801296,20.89920806335493,29.13964254197663
2024-06-05 07:00:00,74.68580454683726,24.27456445993031,21.05783972125436,18.11498257839721,31.17220104362977
2024-06-06 07:00:00,72.81669614432259,18.55439330543933,16.11645746164575,13.43375174337517,31.0120517195477
2024-06-07 07:00:00,73.30865691983361,19.27019498607242,16.43593314763231,13.10724233983287,30.85115414708617
2024-06-08 07:00:00,84.8538695046742,17.54912891986063,14.94425087108014,11.8794425087108,28.76886966664145
2024-06-09 07:00:00,74.54366767870658,18.3723034098817,15.72442588726514,12.60473208072373,30.79832820667413
2024-06-10 07:00:00,71.75489684602834,19.37979094076655,16.398606271777,13.12822299651568,30.33086453121342
2024-06-11 07:00:00,73.67303194255742,23.81437543614794,20.08513607815771,16.76692254012561,30.4467278340951
2024-06-12 07:00:00,66.97542413048085,21.90174216027875,18.72891986062718,15.39024390243902,30.90844397722564
2024-06-13 07:00:00,70.19258429637947,24.598606271777,21.07038327526132,17.54285714285714,31.01136376523227
2024-06-14 07:00:00,70.14765192210402,20.02440725244072,17.11854951185495,14.39818688981869,31.02151897702327
2024-06-15 07:00:00,69.89310943665384,16.53685674547983,14.0528511821975,10.83518776077886,31.56453533597116
2024-06-16 07:00:00,75.43130116240663,15.05090655509066,12.79846582984658,9.676429567642957,30.54206096032602
2024-06-17 07:00:00,86.86304974643318,15.21030640668524,12.94289693593315,10.24651810584958,27.47126810771852
2024-06-18 07:00:00,81.20105213572114,7.289398280802292,6.338825214899713,4.56160458452722,27.92679569669956
2024-06-19 07:00:00,80.93526687395722,12.3941504178273,10.70543175487465,8.08217270194986,28.65603646320574
2024-06-20 07:00:00,78.16695421588174,10.25231646471846,8.902352102637206,6.511047754811119,28.94068653630679
2024-06-21 07:00:00,74.90348048451831,19.3145285935085,16.88021638330757,15.13678516228748,29.77914552043718
2024-06-22 07:00:00,82.38640947505512,7.391660461653015,6.452717795979151,4.918093819806404,27.22335430518418
2024-06-23 07:00:00,81.73970203436762,15.49601737871108,13.34612599565532,10.95582910934106,27.39873796723776
2024-06-24 07:00:00,78.58603579064575,20.82838983050847,18.24646892655367,16.17655367231638,28.19401402267734
2024-06-25 07:00:00,81.01164964345386,26.19495091164096,22.75876577840112,20.32748948106592,27.86797168703448
2024-06-26 07:00:00,81.28347202160025,41.23307745987439,35.80809490579205,38.39218422889044,29.26426999044064
2024-06-27 07:00:00,75.86911378339622,47.45570776255708,41.52328767123288,46.5634703196347,30.70805602995464
2024-06-28 07:00:00,76.50144272191183,29.75465587044534,25.80890688259109,23.33036437246964,29.45247394646068
2024-06-29 07:00:00,86.59802963234097,28.91927627000696,25.31384829505915,23.17258176757133,27.85293416815158
2024-06-30 07:00:00,85.3188191097413,20.16329378925332,17.26727145847872,13.9092812281926,28.38376744396385
2024-07-01 07:00:00,74.95137047602991,26.75428571428571,23.33942857142857,20.87428571428572,30.76023912268139
2024-07-02 07:00:00,76.85325305972539,25.753025345622117,22.496139631336405,20.159509216589864,29.931287681542436
2024-07-03 07:00:00,78.75513564342087,24.751764976958523,21.65285069124424,19.44473271889401,29.10233624040348
2024-07-04 07:00:00,80.65701822711635,23.75050460829493,20.809561751152074,18.729956221198158,28.273384799264527
2024-07-05 07:00:00,82.55890081081183,22.749244239631334,19.966272811059905,18.015179723502303,27.444433358125575
2024-07-06 07:00:00,84.46078339450732,21.74798387096774,19.12298387096774,17.30040322580645,26.61548191698662
2024-07-07 07:00:00,83.91633381394456,14.73379790940766,12.62578397212544,9.759581881533101,28.13306998476386
2024-07-08 07:00:00,79.3318705131336,11.69686162624822,10.12910128388017,7.795292439372325,29.01214203101844
2024-07-09 07:00:00,78.97999037869494,15.86069651741293,13.70078180525942,11.22316986496091,29.5241320683305
2024-07-10 07:00:00,84.1447870488573,13.0467962562995,11.21886249100072,8.734341252699783,27.98043017140643
2024-07-11 07:00:00,83.4388375968882,33.11289198606272,29.64390243902439,29.62787456445993,28.49131239354693
2024-07-12 07:00:00,81.93161471692287,25.56367432150313,22.22894919972164,21.18371607515657,28.2555760248888
2024-07-13 07:00:00,88.26627826685726,24.36427076064201,21.28471737613398,18.80321004884857,26.89404984165023
2024-07-14 07:00:00,78.88277125620989,39.5976290097629,35.29428172942817,36.68270571827057,29.61132452207568
2024-07-15 07:00:00,78.42673682416404,21.56019485038274,18.49686847599165,17.51983298538622,28.39075640119157
2024-07-16 07:00:00,76.30206366517012,29.75924633635729,26.66294487090021,26.86113049546406,30.04884981382493
2024-07-17 07:00:00,81.17648219488831,64.66620209059234,55.2376306620209,73.44599303135888,29.30594977801217
2024-07-18 07:00:00,90.39449297943293,32.1102581995813,27.89323098394976,25.76273551988834,26.45606201001308
2024-07-19 07:00:00,76.45217916600026,45.49676025917927,41.45500359971202,44.5097192224622,30.44393239076146
2024-07-20 07:00:00,80.9987205567313,43.77342657342658,39.95104895104895,42.7020979020979,29.41675539187828
2024-07-21 07:00:00,77.93462547327049,48.04944289693594,43.3558495821727,48.61490250696379,29.71648292749182
2024-07-22 07:00:00,81.53543598818996,58.66341463414634,52.19372822299652,70.82578397212544,29.38676548375147
2024-07-23 07:00:00,78.40035458552282,50.06001395673412,47.19260293091416,57.89532449406839,30.29352972121346
2024-07-24 07:00:00,79.3186645188873,67.89059233449477,56.58188153310105,76.57142857142857,29.90673799912844
2024-07-25 07:00:00,75.5648656545417,59.62299651567944,51.598606271777,67.1588850174216,30.12776588419426
2024-07-26 07:00:00,69.3315712693223,45.71347785108388,41.5315739868049,45.64561734213007,31.97412958194822
2024-07-27 07:00:00,79.61584250558175,48.6073500967118,43.98936170212766,50.92069632495164,29.24187951041183
2024-07-28 07:00:00,76.25622400116363,48.82160278745645,46.09337979094077,55.52961672473867,30.22835235413538
2024-07-29 07:00:00,84.81040345174011,35.00767620376832,31.60432658757851,39.72435450104675,27.2096530386528
2024-07-30 07:00:00,83.90592584381214,28.99304105775922,25.12526096033403,22.0187891440501,27.41999192388351
2024-07-31 07:00:00,79.97535412225893,40.72435450104675,36.74808094905792,37.81018841591068,28.9898658570008
2024-08-01 07:00:00,82.16214338819884,47.21114982578397,42.48641114982578,48.5198606271777,28.82260924166818
2024-08-02 07:00:00,79.34841150756299,44.65481171548117,40.06276150627615,44.18270571827057,28.65135894065921
2024-08-03 07:00:00,77.87436074894016,42.97700348432056,38.87108013937282,40.41951219512195,29.57690839864334
2024-08-04 07:00:00,84.96056817966883,36.94080779944289,33.11350974930362,33.46448467966574,27.48141831545921
2024-08-05 07:00:00,79.4909443246029,19.87038327526133,17.12334494773519,13.72822299651568,27.67388342746617
2024-08-06 07:00:00,83.46877194348967,21.56476323119777,18.75487465181059,16.04456824512535,27.73884902283204
2024-08-07 07:00:00,76.45237690124596,25.6528384279476,22.64628820960699,21.58296943231441,29.18128002656814
2024-08-08 07:00:00,84.16152567549653,11.47037830121342,9.896502498215561,7.503925767309065,27.47148345976027
2024-08-09 07:00:00,77.19732633258822,30.10265363128492,26.79888268156425,25.79748603351955,29.56972324350309
2024-08-10 07:00:00,79.46371217328196,36.22020348837209,31.97892441860465,30.78561046511628,28.88126908384911
2024-08-11 07:00:00,75.55976141467471,27.63852058618283,24.28681088625262,22.43196092114445,30.09083821736822
2024-08-12 07:00:00,75.0329768804476,21.28471737613398,18.56943475226797,16.24145150034892,30.01366506767058
2024-08-13 07:00:00,73.19424997591321,20.00311769290725,17.16212003117693,16.14886983632112,29.69578807566949
2024-08-14 07:00:00,74.59018135071254,19.64022268615171,16.98538622129436,14.03757828810021,30.37940104832458
2024-08-15 07:00:00,85.01987093339594,28.48850174216028,24.88850174216028,22.22996515679442,27.91325192773023
2024-08-16 07:00:00,81.05826378278616,29.04256803907885,25.45010467550593,23.08234473133287,28.96682131776121
2024-08-17 07:00:00,82.13292121187315,31.66945606694561,28.25313807531381,28.52301255230126,28.96033224389037
2024-08-18 07:00:00,82.17043368441871,26.07949790794979,22.46582984658298,19.07461645746164,28.37336879244449
2024-08-19 07:00:00,83.91406216969108,22.81437543614794,19.5910676901605,16.03140265177948,28.180483305793
2024-08-20 07:00:00,84.78303554164337,15.99510831586303,13.88749126484976,10.90635918937806,27.86649350993986
2024-08-21 07:00:00,77.7137670872922,7.379125095932464,6.534919416730622,4.659247889485802,27.71931732991428
2024-08-22 07:00:00,72.46505408252439,11.58671328671329,10.06993006993007,7.493706293706293,29.86993022343766
2024-08-23 07:00:00,83.2078352582052,15.19958275382476,13.18219749652295,10.65299026425591,28.20410470874625
2024-08-24 07:00:00,88.97325340329941,9.496792587312902,8.225944404846757,6.027797576621525,26.0194993327636
2024-08-25 07:00:00,78.44613375733992,11.67394468704512,10.07423580786026,7.74235807860262,28.42230370867376
2024-08-26 07:00:00,86.22989815668454,9.021260997067449,7.913489736070381,6.332111436950147,26.51314891867669
2024-08-27 07:00:00,81.00537612026879,13.15056022408964,11.48179271708683,9.068627450980392,27.89517275259733
2024-08-28 07:00:00,85.88332498556287,7.368107302533532,6.442622950819672,4.618479880774963,26.43186253494066
2024-08-29 07:00:00,82.7077181339379,12.45454545454546,10.75524475524475,8.613986013986015,27.10422734170054
2024-08-30 07:00:00,81.77277139599296,14.58041958041958,12.47622377622378,9.88881118881119,28.16149838340689
2024-08-31 07:00:00,76.40470189005543,29.92334494773519,26.15749128919861,23.83135888501742,29.70076831467838
2024-09-01 07:00:00,79.93252915946948,35.4006968641115,31.01672473867596,29.09268292682927,28.48115593262577
2024-09-02 07:00:00,75.75991079865616,22.63135888501742,19.67595818815331,16.93867595818815,29.76119127247881
2024-09-03 07:00:00,81.74874979331183,23.89741800418702,20.64619678995115,18.08025122121424,27.96983881870607
2024-09-04 07:00:00,75.29412922140405,14.33077994428969,12.36072423398329,9.792479108635098,29.0776958176104
2024-09-05 07:00:00,72.65450411491368,10.31160458452722,8.747134670487107,6.641117478510028,29.81454323165139
2024-09-06 07:00:00,75.39137765377885,15.07394113424264,12.91529073941134,10.52117731514717,29.63740071806662
2024-09-07 07:00:00,79.42513709975803,12.90171258376768,11.14072970960536,8.970215934475055,28.64928609272105
2024-09-08 07:00:00,87.22867949171459,23.69853454291696,20.49755757152826,17.69364968597348,26.44431868200465
2024-09-09 07:00:00,86.35868899001903,19.58064516129032,16.94039270687237,14.12201963534362,25.8807274078033
2024-09-10 07:00:00,78.58080342281484,10.00070224719101,8.639044943820224,6.507022471910112,28.01601469659955
2024-09-11 07:00:00,72.66622188694258,19.97491289198606,17.1609756097561,14.69547038327526,29.67749612654579
2024-09-12 07:00:00,75.14571310992933,20.68967921896792,17.68549511854951,14.9839609483961,29.60061350964752
2024-09-13 07:00:00,79.52681783754075,15.21811846689896,12.93728222996516,9.967247386759581,28.16711460740207
2024-09-14 07:00:00,81.60725079716677,17.50883392226148,15.113074204947,12.55547703180212,27.36073769959958
2024-09-15 07:00:00,87.71391164175041,15.04198740377887,12.92862141357593,10.45416375087474,26.35008120055512
2024-09-16 07:00:00,88.78566723161258,12.47505270555165,10.61560084328883,8.27617709065355,26.1922980965462
2024-09-17 07:00:00,86.57421576118338,6.538461538461538,5.671597633136095,3.980769230769231,26.20331137836264
2024-09-18 07:00:00,85.36191026780008,15.05849582172702,12.67618384401114,11.19428969359332,26.51308708528101
2024-09-19 07:00:00,87.60651607120253,10.97001394700139,9.203626220362622,6.714783821478382,25.83750518934614
2024-09-20 07:00:00,84.5405414736379,7.475226796929518,6.273551988834613,4.434054431263085,26.59193592659984
2024-09-21 07:00:00,87.77755852674365,27.83774373259053,23.67339832869081,23.25487465181059,26.06237303186774
2024-09-22 07:00:00,83.18803206781482,19.95184926727146,16.80739706908583,14.46057222609909,27.54344849312901
2024-09-23 07:00:00,85.53767372618938,16.04271708683473,13.62044817927171,10.59313725490196,27.20858881873992
2024-09-24 07:00:00,84.82973768721243,10.18523676880223,8.74025069637883,6.410863509749303,27.11201197960732
2024-09-25 07:00:00,88.20076645438742,22.92891986062718,19.74773519163763,17.13170731707317,26.69226396872679
2024-09-26 07:00:00,82.71559301898684,28.31843575418995,24.56284916201117,22.92108938547486,27.63375450266885
2024-09-27 07:00:00,82.47740011520246,20.83414975507348,17.94121763470959,16.64730580825752,27.75811092987898
2024-09-28 07:00:00,78.08422612920134,10.13841807909604,8.760593220338983,6.586864406779661,29.10103829382755
2024-09-29 07:00:00,82.83937044384378,20.21760916249105,17.52970651395848,14.53256979241231,28.33958660419882
2024-09-30 07:00:00,76.85496903896122,23.67625899280576,20.6136690647482,17.95251798561151,29.38033128555941
2024-10-01 07:00:00,82.15872854885323,12.78774289985052,11.05979073243647,8.543348281016442,28.20346937733597
2024-10-02 07:00:00,76.75424645911309,9.117693522906793,7.894154818325434,5.84044233807267,29.18260305844226
2024-10-03 07:00:00,81.28443238156325,7.336907953529938,6.371760500446827,4.864164432529043,28.9340021698407
2024-10-04 07:00:00,84.54155264666872,11.4842868654311,10.12570507655117,8.19822723609992,27.61087797350356
2024-10-05 07:00:00,78.31159986713779,12.8001638001638,11.18673218673219,8.92956592956593,29.23329179349398
2024-10-06 07:00:00,89.52144613214882,17.91951006124235,15.88363954505687,14.15398075240595,26.24946976882313
2024-10-07 07:00:00,86.9306558421035,9.842812823164426,8.59875904860393,6.448810754912099,26.67051303011475
2024-10-08 07:00:00,78.85378881708154,13.95399305555556,12.34114583333333,10.83506944444444,29.01271221076328
2024-10-09 07:00:00,81.19401929121145,13.45364536453645,11.63996399639964,8.958595859585959,28.04213832013617
2024-10-10 07:00:00,85.39869337093594,25.13919413919414,21.6510989010989,18.47161172161172,26.9448389861424
2024-10-11 07:00:00,82.06753453042299,21.15252707581227,18.27888086642599,15.25541516245487,28.21810799008106
2024-10-12 07:00:00,86.65745723686513,27.82479784366577,24.37196765498652,22.38634321653189,27.55251022906292
2024-10-13 07:00:00,83.24957883037531,15.01104417670683,13.20682730923695,11.45883534136546,27.8423206910275
2024-10-14 07:00:00,81.12347251741167,32.48810656517603,28.12083729781161,31.58515699333968,28.61368683400728
2024-10-15 07:00:00,80.1838820927076,19.95318352059925,17.63483146067416,16.27902621722846,29.0800272357795
2024-10-16 07:00:00,86.04984799556749,14.31898971000935,12.57530402245089,10.63143124415341,27.32886853352515
2024-10-17 07:00:00,78.47886375625059,13.98238747553816,11.94227005870841,9.12426614481409,29.2799276143623
2024-10-18 07:00:00,82.20402712045028,15.67134268537074,13.6002004008016,11.28156312625251,28.04389195351166
2024-10-19 07:00:00,80.21457381226409,16.93467819404419,15.02017291066282,13.74831892411143,27.73033555023056
2024-10-20 07:00:00,76.94288430726965,12.32774674115456,10.83240223463687,9.04096834264432,28.61406705753237
2024-10-21 07:00:00,76.18421841188959,15.37343599615014,13.41289701636189,11.00384985563041,29.08347097781948
2024-10-22 07:00:00,65.9537517475082,19.53571428571428,16.67857142857143,13.29440154440154,30.37696458985482
2024-10-23 07:00:00,62.13189701147124,19.27706057596822,16.47765640516385,13.16186693147964,31.2628518732347
2024-10-24 07:00:00,73.70208253119958,18.28723404255319,15.51353965183752,12.18568665377176,29.18380523189273
2024-10-25 07:00:00,83.74614879078132,21.40751445086705,18.4402697495183,15.46146435452794,27.49380231112322
2024-10-26 07:00:00,76.19190738369745,10.46001974333662,9.276406712734452,7.428430404738401,28.23893858750333
2024-10-27 07:00:00,76.15902616532149,10.90524193548387,9.53225806451613,7.790322580645161,28.54906867077489
2024-10-28 07:00:00,85.31494127814973,11.35640785781104,9.783910196445277,7.449953227315248,27.09468602059797
2024-10-29 07:00:00,79.32753534815933,13.42649903288201,11.56382978723404,8.876208897485494,28.93442605212837
2024-10-30 07:00:00,78.08489018875478,27.38051282051282,23.79897435897436,21.58974358974359,29.21834562562813
2024-10-31 07:00:00,70.97803318621035,18.34646464646465,15.82626262626263,13.84646464646465,30.7438462357012
2024-11-01 07:00:00,71.84119688925722,20.38827433628319,17.48340707964602,14.30309734513274,29.90009337269554
2024-11-02 07:00:00,66.62397052206096,10.91547861507128,9.45723014256619,7.168024439918534,31.31601488844567
2024-11-03 07:00:00,80.35946605329777,17.54508196721311,15.10655737704918,12.15573770491803,28.47105215499218
2024-11-04 07:00:00,79.1297741263206,17.63798530954879,15.12067156348374,11.86988457502623,28.47761842807977
2024-11-05 07:00:00,82.68254434932567,21.20188284518828,18.29393305439331,14.99058577405858,27.79536614150731
2024-11-06 07:00:00,82.95141129436709,5.40337909186906,4.819429778247097,3.344244984160507,27.58404337332662
2024-11-07 07:00:00,86.24373623456525,6.428125,5.745833333333334,4.060416666666667,27.05153115930106
2024-11-08 07:00:00,81.08681928237792,6.694915254237288,5.868038740920097,4.409200968523002,28.03481533396955
2024-11-09 07:00:00,87.86628389584004,4.395642201834862,3.763761467889908,2.448394495412844,26.33413830202466
2024-11-10 07:00:00,91.53910265648264,12.84222737819026,11.11948955916473,8.459396751740138,25.47366502985402
2024-11-11 07:00:00,81.29989364901178,4.660834454912517,3.959623149394347,2.598923283983849,27.91596752843769
2024-11-12 07:00:00,83.1517454269084,5.750270270270271,5.006486486486486,3.456216216216216,28.34498727266057
2024-11-13 07:00:00,92.74579283906108,6.382165605095541,5.573248407643312,3.980891719745223,24.35453951615183
2024-11-14 07:00:00,76.2296040755747,15.21663244353183,13.14476386036961,10.05030800821355,29.41865560938165
2024-11-15 07:00:00,77.46741441317138,21.15814506539834,18.20214030915577,14.8858501783591,29.26864415244252
2024-11-16 07:00:00,75.19552444349728,27.27,23.31857142857143,23.36285714285714,29.69944888003266
2024-11-17 07:00:00,75.34767712628107,12.66598360655738,11.13012295081967,9.34016393442623,29.72967276113877
2024-11-18 07:00:00,73.77014535597188,15.21943887775551,13.10821643286573,10.02204408817635,29.79556687113145
2024-11-19 07:00:00,72.68443960477606,17.50898203592815,14.79540918163673,11.77644710578842,29.61901226730568
2024-11-20 07:00:00,72.91664838106186,16.02986611740474,13.41915550978373,10.4140061791967,29.58897582170148
2024-11-21 07:00:00,82.23102686394225,8.732994923857868,7.340101522842639,5.303553299492386,27.34907660432175
2024-11-22 07:00:00,86.72115725962416,3.957236842105263,3.388157894736842,2.175438596491228,26.58326941311412
2024-11-23 07:00:00,88.02833612873616,3.120535714285714,2.737723214285714,1.655133928571429,25.68271224736628
2024-11-24 07:00:00,83.00122542932239,9.871549893842888,8.23248407643312,5.935244161358811,28.07446776044638
2024-11-25 07:00:00,85.72395608492128,3.708470847084708,3.170517051705171,2.03960396039604,27.22366281553422
2024-11-26 07:00:00,87.38037428774483,6.422319474835886,5.548140043763676,3.911378555798687,27.09644910681179
2024-11-27 07:00:00,92.94856390051318,18.1679748822606,15.29356357927787,12.13971742543171,24.60456040821244
2024-11-28 07:00:00,94.42925157618058,11.80651731160896,10.25661914460285,7.655804480651732,23.68946595451657
2024-11-29 07:00:00,94.9729148345802,3.865942028985507,3.489130434782609,2.231884057971015,23.70704856384494
2024-11-30 07:00:00,92.03506723280405,10.60939794419971,8.888399412628488,6.615271659324523,24.88858509176534
2024-12-01 07:00:00,82.47203572070823,21.03322259136213,17.54706533776301,14.07862679955703,27.05006639541594
2024-12-02 07:00:00,82.8523280963189,17.14416243654822,14.64568527918782,11.25482233502538,27.61667208191017
2024-12-03 07:00:00,79.0832657358662,15.91508491508491,13.73526473526474,10.51148851148851,28.2302220187686
2024-12-04 07:00:00,82.931797352654,32.56820512820513,28.16205128205128,25.21128205128205,27.83687191150018
2024-12-05 07:00:00,86.33631916348168,13.21806853582554,11.41017653167186,8.477673935617862,26.34416322961564
2024-12-06 07:00:00,85.94897449627999,8.379274611398964,7.329533678756476,5.33678756476684,26.66639028505771
2024-12-07 07:00:00,77.07546452770805,10.31027253668763,8.88993710691824,6.435010482180293,28.87896683425115
2024-12-08 07:00:00,81.34446238467933,11.37708333333333,9.769791666666666,7.344791666666667,28.47717732942587
2024-12-09 07:00:00,75.53309805747442,13.64536741214057,11.33013844515442,8.428115015974441,29.53757167338646
2024-12-10 07:00:00,87.58851806559201,10.64652223489168,9.266818700114024,6.762827822120866,26.2685188067445
2024-12-11 07:00:00,86.21114315273994,13.97838452787258,12.11149032992036,9.112627986348123,26.96842134121937
2024-12-12 07:00:00,76.76375738993059,27.12,23.36947368421053,19.92736842105263,28.44922765904771
2024-12-13 07:00:00,91.50571854084062,29.0481522956327,25.33930571108623,22.15341545352744,25.17852674998912
2024-12-14 07:00:00,92.6472545291449,18.51612903225806,16.01075268817204,12.8805256869773,25.2994906184817
2024-12-15 07:00:00,90.92676343969893,10.65603328710125,9.330097087378642,7.273231622746186,25.67493373669008
2024-12-16 07:00:00,79.76491489826722,3.570114942528736,3.025287356321839,1.91264367816092,28.35347451111136
2024-12-17 07:00:00,90.34836141134882,4.764150943396227,3.617924528301887,2.339622641509434,25.19116312216057
2024-12-18 07:00:00,84.05981007467543,17.21540178571428,14.57254464285714,11.18191964285714,27.11066405078556
2024-12-19 07:00:00,79.96245062010966,19.22235023041475,16.49308755760369,12.97119815668203,27.81244039444572
2024-12-20 07:00:00,81.1869456683451,16.11495535714286,13.84709821428571,10.70200892857143,27.21149421587699
2024-12-21 07:00:00,75.51609395429774,20.57853982300885,17.38274336283186,13.8108407079646,28.14132658248491
2024-12-22 07:00:00,74.54950516702048,25.52529601722282,21.65016146393972,18.07750269106566,28.19279967370684
2024-12-23 07:00:00,75.3288357925389,33.90642615558061,29.23562570462232,26.152198421646,27.941524658416
2024-12-24 07:00:00,81.53418756485507,33.71923937360179,29.04697986577181,26.09619686800895,26.57672828950818
2024-12-25 07:00:00,76.30350411110689,29.92693565976009,25.87786259541985,22.93238822246456,27.36064589973757
2024-12-26 07:00:00,74.53896781347541,29.61738148984199,25.48758465011287,22.15237020316027,27.88561050069271
2024-12-27 07:00:00,75.20863671309996,27.89198606271777,24.46922183507549,22.01742160278746,28.5661528840174
2024-12-28 07:00:00,85.09993300662313,11.58352402745995,9.878718535469108,7.528604118993135,27.52938637655014
2024-12-29 07:00:00,75.15775665872705,7.612268518518518,6.484953703703703,4.612268518518518,29.26120799546976
2024-12-30 07:00:00,80.37103848364626,13.22960372960373,10.6025641025641,7.799533799533799,27.4860595702209
2024-12-31 07:00:00,75.57260565782096,27.1406976744186,23.22209302325581,19.75581395348837,28.27162924066601
2025-01-01 07:00:00,72.44257267109181,22.52013808975834,19.56271576524741,16.24856156501726,28.56644241196629
2025-01-02 07:00:00,76.00503257562225,29.93072625698324,26.08156424581006,22.61787709497207,27.97402377676494
2025-01-03 07:00:00,73.68862708783661,26.992,23.38171428571428,19.968,28.30912984467403
2025-01-04 07:00:00,75.65725964199736,33.49114521841795,29.2172373081464,26.2987012987013,28.66062690771593
2025-01-05 07:00:00,78.87444664499743,23.31353919239905,21.00237529691211,19.8396674584323,28.30080045454104
2025-01-06 07:00:00,72.84464272249498,14.91238317757009,13.04789719626168,10.90654205607477,28.82550871214298
2025-01-07 07:00:00,70.6302985966566,41.07553956834533,36.53956834532374,36.58033573141487,29.14509713946591
2025-01-08 07:00:00,71.16863679178351,39.41190198366395,35.536756126021,36.76779463243874,28.92154322545778
2025-01-09 07:00:00,70.98357325123244,38.69151376146789,33.81077981651376,31.94610091743119,28.38316498918159
2025-01-10 07:00:00,70.49148702027219,42.10409356725146,37.29122807017544,36.85614035087719,28.94570446026214
2025-01-11 07:00:00,73.56838108322377,45.08333333333334,40.51173708920188,42.00704225352113,28.35745935313047
2025-01-12 07:00:00,85.37980604169235,38.83433373349339,34.02521008403362,33.1344537815126,25.43497185334028
2025-01-13 07:00:00,78.29220202120175,48.63221476510067,42.59463087248322,47.7261744966443,25.99734111543448
2025-01-14 07:00:00,74.887203976827,58.21818181818182,51.46060606060606,67.73818181818181,26.78088313070684
2025-01-15 07:00:00,74.20140185824334,46.75,42.43023255813954,45.2046511627907,27.14672211251655
2025-01-16 07:00:00,89.87342513985217,51.15431164901664,45.74735249621785,60.75794251134644,24.99060400835285
2025-01-17 07:00:00,80.8489391511822,17.50921985815603,14.06099290780142,10.90070921985816,27.2216650367257
2025-01-18 07:00:00,83.51267727298003,20.45454545454545,16.22314049586777,12.65289256198347,26.83243621922817
2025-01-19 07:00:00,85.33809496107646,35.74168514412417,31.79822616407982,30.73835920177384,25.59878137826907
2025-01-20 07:00:00,84.71963400021195,44.95324971493729,40.24515393386545,41.10148232611174,26.35723454611096
2025-01-21 07:00:00,72.15098052147066,25.17283950617284,21.40628507295174,17.99326599326599,28.36793700179189
2025-01-22 07:00:00,75.5997929673204,35.32941176470588,30.31176470588235,27.44823529411765,27.67156374078077
2025-01-23 07:00:00,73.88873070085373,44.60714285714285,39.52790178571428,39.93861607142857,28.17173543242918
2025-01-24 07:00:00,76.51729646700457,45.56692056583243,40.67791077257889,42.08052230685528,27.91871857293903
2025-01-25 07:00:00,86.92736857630729,17.64912280701754,15.03859649122807,11.62222222222222,26.47723154474519
2025-01-26 07:00:00,79.55261301980427,34.57931034482758,29.74367816091954,27.21609195402299,27.74876559774585
2025-01-27 07:00:00,76.4900669374888,19.39666666666667,16.44777777777778,13.00444444444445,28.47096061999885
2025-01-28 07:00:00,73.2380031968168,26.33069977426636,21.58013544018059,17.98306997742664,27.87928839224164
2025-01-29 07:00:00,75.60810196776286,27.84204545454546,22.69772727272727,18.94545454545455,27.24272594701196
2025-01-30 07:00:00,71.16767395415899,31.12442922374429,26.16095890410959,22.82648401826484,27.51293097352733
2025-01-31 07:00:00,68.52036783300638,28.62870159453303,24.00341685649203,20.37015945330296,27.33671849334231
2025-02-01 07:00:00,69.23103116132845,36.79357798165137,31.6697247706422,29.26720183486238,27.31540955767888
2025-02-02 07:00:00,70.34163932758582,37.69759450171821,32.65521191294387,30.52806414662085,27.68389041917588
2025-02-03 07:00:00,65.1142608012176,39.89805825242718,35.09466019417476,33.73422330097087,28.64454447684279
2025-02-04 07:00:00,70.26652176946227,28.52307692307692,24.45917159763314,21.0,27.77543214919876
2025-02-05 07:00:00,71.50094291779428,16.69953051643192,13.98708920187793,10.82394366197183,28.32744994816423
2025-02-06 07:00:00,69.51178256791388,23.70926143024619,19.45486518171161,15.79484173505275,28.57917650649181
2025-02-07 07:00:00,70.93395231106867,34.74325908558031,29.32121922626026,26.16647127784291,28.27192690030919
2025-02-08 07:00:00,69.3485477903296,30.65424912689173,26.0,22.38067520372526,28.38559575071892
2025-02-09 07:00:00,69.91638445442004,28.97106481481481,24.61689814814815,20.97685185185185,28.3737423919526
2025-02-10 07:00:00,71.22633582190795,30.65266742338252,25.85698070374574,22.37457434733258,28.25120069320055
2025-02-11 07:00:00,68.15962447182567,32.53295454545454,27.52272727272727,24.12045454545455,28.69379903902884
